workclass,education,marital-status,occupation,relationship,race,sex,native-country,income,age,fnlwgt,education-num,capital-gain,capital-loss,hours-per-week
2,11,2,8,0,4,1,39,2,47,265097,9,4386,0,40
4,11,6,1,4,4,0,39,1,69,192660,9,0,0,20
6,6,6,8,1,4,0,39,1,58,301568,5,0,0,40
4,11,4,1,3,4,0,39,0,20,275190,9,0,0,40
4,15,2,12,0,4,1,39,0,31,127215,10,0,0,40
5,10,2,10,0,4,1,39,2,52,334273,16,99999,0,65
4,4,4,3,3,4,1,0,0,27,169958,3,0,0,40
4,14,2,10,0,4,1,39,2,38,200818,15,0,0,40
4,15,0,8,1,2,0,6,1,33,292603,10,0,0,30
4,7,4,1,1,2,0,39,1,21,212213,12,0,0,40
4,1,4,5,3,4,0,39,1,17,194517,7,0,0,18
4,11,4,12,3,4,0,39,0,38,204756,9,0,0,40
4,4,0,7,1,4,0,26,1,41,281725,3,0,0,40
4,15,4,4,1,4,1,39,0,41,116103,10,0,0,50
5,10,2,4,0,1,1,36,2,61,98350,16,0,0,40
4,0,4,7,2,1,1,40,0,30,176123,6,0,0,40
4,8,0,10,4,4,1,39,0,40,235371,11,0,0,40
4,15,4,7,1,4,0,39,0,37,114765,10,0,0,40
4,11,2,3,0,4,1,39,0,33,125856,9,0,0,40
4,7,4,10,1,4,0,39,2,29,236436,12,8614,0,40
1,7,4,1,1,4,1,39,0,34,143766,12,0,0,40
4,15,4,4,3,4,0,39,1,33,226629,10,0,0,40
2,11,2,14,0,2,1,39,1,33,177216,9,0,0,40
2,7,4,4,1,4,1,39,0,41,352056,12,0,0,40
4,11,2,4,0,4,1,39,2,42,136986,9,0,0,35
4,11,2,7,5,4,0,39,1,33,145402,9,0,0,35
4,15,2,3,5,4,0,39,0,33,258498,10,0,0,60
4,12,2,4,0,4,1,2,2,33,192002,14,7298,0,60
4,6,4,8,4,4,1,26,0,21,455361,5,0,0,35
4,15,4,6,1,4,1,31,1,22,172496,10,0,0,40
2,3,6,6,4,2,1,39,0,58,156649,2,0,0,40
4,9,3,4,1,4,0,39,3,47,177858,13,27828,0,60
4,15,4,1,4,2,0,39,0,22,138504,10,0,0,30
2,15,2,11,0,2,1,39,0,23,203078,10,0,0,40
4,9,2,12,0,4,1,39,0,39,129597,13,3464,0,40
4,11,2,4,0,4,1,39,3,40,155972,9,7688,0,55
4,15,4,1,3,3,0,39,0,20,166527,10,0,0,20
0,0,2,0,5,4,0,5,0,47,178013,6,0,0,20
5,10,5,10,1,4,1,39,0,46,62546,16,0,0,35
2,1,2,8,0,2,1,39,0,45,257855,7,0,0,50
7,12,4,10,1,4,1,39,1,42,60949,14,0,0,45
4,9,0,12,3,4,1,39,0,40,116632,13,0,0,80
6,15,2,4,0,0,1,39,0,45,26781,10,0,0,40
4,11,4,1,3,4,0,39,1,24,251603,9,0,0,40
4,11,4,12,1,4,1,39,0,23,189203,9,0,0,40
2,12,0,10,4,4,0,39,0,40,34540,14,0,0,44
6,11,2,12,0,4,1,39,0,34,123429,9,0,0,60
6,14,2,10,0,4,1,39,2,39,202027,15,0,1977,50
4,15,4,3,3,4,1,39,0,20,217467,10,0,0,40
4,15,5,12,4,2,0,39,0,20,194504,10,0,0,40
4,9,2,4,0,4,1,39,0,43,119721,13,0,0,40
4,0,2,14,0,4,1,39,3,57,122562,6,0,0,60
4,9,2,12,0,4,1,39,1,49,116927,13,0,0,60
2,11,2,14,0,4,1,39,0,62,114060,9,0,0,40
5,15,0,11,1,4,1,39,0,50,204447,10,0,0,40
7,11,4,8,4,2,0,39,1,46,104908,9,0,0,40
6,5,2,3,0,4,1,39,1,50,195372,4,0,0,36
4,9,4,10,1,1,1,19,1,33,236481,13,0,0,10
4,15,4,10,1,4,1,39,0,20,49179,10,0,0,35
7,9,2,10,0,4,1,39,3,56,270859,13,0,1902,48
4,15,0,8,1,4,0,39,1,43,343121,10,0,0,30
4,15,0,1,1,4,0,39,0,55,109015,10,0,0,38
4,9,2,4,0,4,1,39,2,41,138975,13,7688,0,45
4,8,4,1,1,4,0,39,0,21,306967,11,0,0,40
4,15,4,1,3,4,0,39,1,21,225724,10,0,0,20
2,9,0,4,1,4,1,39,0,57,143910,13,0,0,40
2,9,2,1,0,4,1,39,0,25,227886,13,0,0,40
4,0,4,8,3,4,1,39,0,17,95446,6,0,0,15
4,11,2,6,3,4,1,39,0,24,236696,9,0,0,35
4,15,2,3,0,4,1,39,2,59,271571,10,15024,0,50
4,15,2,4,5,4,0,39,2,37,182675,10,0,0,45
4,9,4,1,1,4,0,39,0,26,340335,13,0,0,40
6,15,2,4,0,4,1,39,2,51,24790,10,0,0,99
7,11,5,11,1,4,1,39,1,27,187327,9,0,0,45
2,15,2,11,0,4,1,39,0,33,152351,10,3908,0,40
6,9,2,12,0,4,1,39,0,45,31478,13,2829,0,60
4,15,4,13,3,4,1,39,0,21,325923,10,0,0,35
6,15,0,4,4,4,0,39,0,46,199596,10,0,0,50
4,11,2,8,0,4,1,39,2,60,250552,9,0,0,40
6,1,2,3,0,4,1,39,0,56,214323,7,0,0,40
4,11,2,3,0,4,1,39,2,50,196975,9,0,0,40
4,11,0,7,1,4,0,39,1,61,163729,9,0,0,40
4,11,5,6,4,4,1,31,0,42,220776,9,0,0,40
6,11,0,5,4,4,1,39,0,37,58343,9,0,0,56
6,11,0,3,1,4,1,39,0,41,26598,9,0,0,40
6,1,2,3,0,4,1,39,0,43,225165,7,0,0,55
7,7,6,10,1,4,0,39,0,62,101475,12,0,0,40
4,11,2,3,0,4,1,39,0,42,110028,9,0,0,40
4,11,4,3,3,4,1,39,1,50,143804,9,0,0,55
4,11,4,7,2,2,0,39,1,36,148143,9,0,0,40
4,15,2,1,3,4,0,39,0,28,194472,10,0,0,40
4,11,4,11,2,4,1,39,0,25,206343,9,0,0,40
4,11,2,12,0,4,1,39,3,37,126954,9,0,0,40
4,9,4,10,3,4,0,39,1,31,175778,13,0,0,40
4,11,4,14,3,4,1,39,1,28,154236,9,2597,0,40
4,4,4,6,4,4,1,39,0,23,121650,3,0,0,30
4,9,4,4,3,4,0,39,0,27,167501,13,0,0,40
4,11,2,3,0,4,1,39,2,50,146325,9,0,0,44
5,15,2,4,0,4,1,39,0,43,175485,10,0,0,40
4,0,4,7,4,4,1,39,0,22,219042,6,0,0,40
4,15,2,8,0,1,1,0,2,31,251659,10,0,1485,55
1,9,2,1,0,4,1,39,1,36,212465,13,0,0,40
6,7,2,1,0,4,1,39,1,42,34722,12,0,0,40
4,12,2,12,0,4,1,39,3,37,186934,14,0,0,50
4,11,0,8,1,4,0,39,0,41,38397,9,0,0,40
5,8,0,4,1,4,0,12,3,32,169152,11,10520,0,80
4,11,0,8,1,4,1,32,1,49,107009,9,0,0,40
4,15,0,12,4,4,1,39,1,38,129764,10,1506,0,50
4,8,4,10,1,4,0,39,0,23,325921,11,0,0,36
1,7,2,1,0,4,1,39,0,53,117847,12,0,0,40
5,9,5,12,1,4,0,39,0,61,227232,13,0,0,30
4,15,4,12,3,4,0,39,0,21,209483,10,0,0,47
6,15,2,8,5,4,0,39,0,27,116613,10,0,0,50
4,11,4,7,3,4,1,39,1,23,162282,9,0,0,40
4,9,4,1,1,1,0,30,1,27,110622,13,0,0,40
0,10,2,0,0,0,1,39,2,62,68461,16,0,0,40
4,11,2,7,5,4,0,39,3,54,174806,9,0,0,40
4,11,2,5,0,4,1,39,1,55,210318,9,0,0,40
4,0,2,14,0,4,1,39,0,42,245317,6,0,0,50
4,11,2,14,0,4,1,39,2,36,185099,9,0,0,70
2,2,4,1,3,2,0,39,1,17,236831,8,0,0,15
4,11,4,3,3,4,1,39,0,24,201680,9,0,0,40
4,12,2,4,0,4,1,7,2,37,221850,14,0,0,50
4,1,2,14,0,4,1,39,0,36,181705,7,0,0,40
4,1,2,3,0,4,1,39,0,53,324568,7,0,0,45
4,11,4,8,4,2,0,39,0,38,380543,9,0,0,30
4,9,0,12,1,4,0,39,3,71,148003,13,0,1911,38
0,0,4,0,3,4,1,39,0,18,344742,6,0,0,40
4,11,0,13,1,4,0,39,2,45,119904,9,0,0,50
4,15,2,4,0,4,1,39,2,48,165484,10,0,0,65
4,1,2,14,0,4,1,39,3,29,211208,7,0,0,99
0,15,4,0,3,4,1,39,0,20,58740,10,0,0,15
4,11,0,7,1,4,1,39,0,49,318331,9,0,0,40
4,11,0,3,1,4,1,39,0,37,35330,9,0,1669,55
4,11,2,12,0,4,1,39,3,28,122913,9,0,0,40
6,11,0,12,3,4,0,39,1,37,183127,9,0,0,40
4,11,2,7,0,4,1,39,2,29,177413,9,0,0,40
4,0,0,12,4,4,0,39,1,35,412017,6,0,0,38
4,9,4,4,3,2,0,39,0,24,205844,13,0,0,65
4,2,4,8,3,4,0,39,0,19,162954,8,0,0,20
4,12,2,4,0,4,1,39,3,34,87218,14,0,1887,50
4,9,0,1,4,4,0,11,0,45,204057,13,0,0,40
6,9,4,12,3,1,1,20,0,39,315640,13,0,0,60
4,14,2,10,5,4,0,39,2,39,85319,15,7688,0,60
4,9,4,4,1,4,1,39,2,26,279833,13,0,2258,45
0,11,0,0,4,4,0,39,0,33,202366,9,0,0,32
4,11,4,8,3,4,1,39,1,19,37688,9,0,0,25
6,9,2,1,5,4,0,39,2,52,140985,13,99999,0,30
4,1,4,8,2,4,1,39,0,40,134026,7,0,0,40
4,11,2,6,0,2,1,39,0,43,334946,9,0,0,40
6,11,2,14,0,4,1,39,2,32,410615,9,0,1887,60
4,11,4,7,4,2,0,39,0,26,240842,9,0,0,40
4,11,4,7,3,4,0,39,0,19,143360,9,0,0,34
4,2,4,8,3,4,0,39,0,24,177287,8,0,0,38
4,9,2,4,0,4,1,39,2,46,98637,13,7298,0,50
4,12,2,10,5,4,0,39,1,59,193375,14,0,0,10
4,15,0,1,4,4,0,39,0,51,237729,10,0,0,40
2,15,3,1,3,4,0,13,0,23,496382,10,0,0,40
2,11,0,1,4,4,0,39,0,37,272471,9,0,0,40
4,0,2,6,0,4,1,39,1,22,203076,6,0,0,40
4,0,0,14,4,4,1,39,1,52,134190,6,0,0,40
4,9,2,12,0,4,1,39,2,36,33394,13,0,1887,35
4,11,0,3,3,4,1,39,0,36,207853,9,0,0,40
4,9,2,4,0,4,1,39,2,33,169496,13,0,0,50
7,11,0,1,4,4,0,33,0,37,270278,9,0,0,12
4,15,2,3,0,4,1,39,0,47,208872,10,0,0,40
4,11,0,14,2,4,1,39,1,27,159676,9,0,0,40
4,11,4,8,3,2,1,39,0,24,67804,9,0,0,40
4,9,4,4,1,4,0,4,1,40,117523,13,0,0,40
5,9,2,4,0,4,1,39,2,52,132178,13,0,0,50
4,11,6,8,4,4,0,39,0,36,108293,9,0,0,24
2,9,6,10,4,4,0,39,0,71,365996,13,0,0,6
0,11,2,0,0,4,1,39,0,38,181705,9,0,0,24
4,10,2,10,0,1,1,36,3,37,122889,16,7298,0,40
7,15,4,5,1,4,1,39,0,20,178517,10,0,0,40
2,9,0,10,4,4,0,39,1,45,185588,13,0,0,40
4,8,2,6,0,4,1,26,0,30,488720,11,0,0,40
4,15,2,13,0,4,1,39,1,39,141584,10,0,0,50
4,7,5,14,1,4,1,39,0,31,342730,12,0,0,45
4,9,2,4,0,4,1,39,0,29,194940,13,0,0,40
4,11,2,6,0,4,1,39,0,27,183511,9,0,0,40
4,11,4,14,1,2,1,39,1,26,331806,9,0,0,37
4,11,4,3,3,4,1,39,1,23,50411,9,0,0,40
4,8,2,13,0,4,1,39,2,41,121718,11,0,1848,48
0,0,2,0,5,2,0,39,0,48,112860,6,0,0,35
4,15,4,1,3,4,0,39,0,18,242615,10,0,0,15
0,10,2,0,0,4,1,39,2,70,54849,16,0,0,20
4,15,2,14,0,4,1,39,1,45,431245,10,0,0,40
4,5,6,8,4,2,0,39,0,70,405362,4,0,0,38
4,11,2,3,0,4,1,39,1,35,288158,9,0,0,40
4,15,2,3,0,4,1,39,0,46,106255,10,0,0,40
4,6,4,3,3,4,1,39,1,22,283029,5,0,0,54
4,11,2,8,0,4,1,39,1,67,212185,9,0,0,10
0,6,4,0,1,4,1,39,0,22,77873,5,0,0,30
4,15,2,4,0,4,1,39,3,43,131650,10,0,0,40
0,4,4,0,4,4,0,8,0,25,210095,3,0,0,25
4,15,6,4,1,4,0,39,1,63,281237,10,0,0,40
4,15,2,4,0,4,1,39,0,46,72896,10,0,0,50
4,11,4,8,1,4,0,39,1,18,240767,9,0,0,30
4,12,2,4,0,4,1,0,2,46,268022,14,0,0,55
4,9,4,12,3,4,1,39,1,26,111058,13,0,0,50
4,11,0,8,4,4,0,39,0,33,159303,9,0,0,40
0,8,0,0,1,4,1,39,0,59,184948,11,0,0,48
2,15,2,11,0,4,1,39,3,22,249727,10,0,0,40
4,9,2,4,0,4,1,39,3,49,447554,13,7688,0,40
4,9,2,4,0,4,1,39,2,31,111567,13,0,0,70
4,9,4,10,3,4,1,39,0,46,194698,13,0,0,60
4,11,2,3,0,4,1,39,0,37,193855,9,0,1902,50
5,11,2,8,0,4,1,33,1,35,186488,9,0,0,50
5,11,2,4,0,4,1,39,2,28,31717,9,0,0,45
2,11,2,11,0,4,1,39,1,29,90956,9,0,0,40
4,11,5,9,1,2,0,27,1,47,200734,9,0,0,50
5,14,2,10,0,4,1,39,2,50,158294,15,99999,0,80
4,15,4,12,1,4,1,39,0,26,259585,10,0,0,24
2,9,4,10,4,2,0,39,1,41,248748,13,0,0,40
4,11,2,7,0,4,1,39,2,29,383745,9,0,1887,30
4,9,4,1,3,1,0,39,0,28,69847,13,0,0,30
4,11,2,7,0,4,1,39,2,39,195253,9,0,0,40
4,1,0,8,1,4,0,39,0,36,173804,7,0,0,40
4,8,2,8,0,4,1,20,1,38,258339,11,0,0,70
4,7,2,4,0,4,1,39,0,65,113323,12,3818,0,40
6,15,2,5,0,4,1,39,1,44,86750,10,4508,0,72
4,8,2,1,5,4,0,39,1,36,263574,11,0,0,40
4,11,2,1,0,4,1,39,0,27,110931,9,0,0,40
4,12,4,10,2,1,0,37,0,55,119751,14,0,0,40
4,10,2,10,0,1,1,3,3,38,216319,16,0,0,40
4,9,0,8,4,3,0,39,0,29,24562,13,0,0,40
7,9,2,10,0,4,1,39,0,28,288731,13,0,0,20
4,11,4,7,3,4,1,39,0,19,351802,9,0,0,35
4,11,0,7,4,4,0,39,0,34,340458,9,0,0,40
4,9,2,10,0,4,1,39,2,55,463072,13,0,0,60
4,7,4,12,3,4,1,39,0,23,163090,12,0,0,20
4,15,2,12,0,4,1,39,1,43,52433,10,0,0,70
5,9,2,12,0,4,1,39,3,43,677398,13,0,0,45
4,15,2,4,0,4,1,39,0,31,144064,10,0,0,40
6,0,2,5,0,4,1,39,3,46,24367,6,0,0,99
4,8,2,3,0,4,1,39,0,45,387074,11,0,0,40
6,0,2,4,0,4,1,39,1,59,190997,6,0,0,36
4,15,2,4,0,0,1,39,3,41,144752,10,0,0,40
4,11,4,3,3,2,1,39,0,23,664670,9,0,0,40
0,11,2,0,5,4,0,16,0,28,308493,9,0,0,17
2,12,2,10,0,4,1,39,2,39,203482,14,7298,0,40
4,15,2,11,0,4,1,39,0,65,207281,10,0,0,16
4,11,4,1,3,4,0,39,0,18,36882,9,0,0,20
6,15,2,8,5,4,0,39,1,76,130585,10,0,0,12
4,11,4,1,3,4,0,39,1,17,41865,9,0,0,5
4,11,0,4,1,4,1,39,0,38,258761,9,0,0,50
4,11,2,7,0,4,1,39,3,48,148576,9,0,0,40
1,12,0,4,4,4,0,39,3,41,348059,14,0,0,40
6,15,4,12,1,4,1,39,0,45,77132,10,0,0,55
0,15,4,0,3,4,1,39,0,19,32477,10,0,0,25
6,15,2,5,0,4,1,39,1,48,49275,10,0,1485,50
4,3,4,1,4,4,0,6,1,43,216411,2,0,0,30
4,11,0,6,1,4,0,39,0,74,161387,9,0,0,16
2,11,2,11,0,4,1,39,2,52,186117,9,0,0,56
4,11,4,12,1,4,1,39,0,25,272428,9,4416,0,42
4,2,4,8,3,4,1,39,0,17,244602,8,0,0,15
4,6,2,6,0,4,1,39,1,45,203785,5,0,0,40
4,15,0,1,1,1,0,39,0,44,121781,10,0,0,37
4,11,2,3,0,4,1,39,3,50,221532,9,0,0,40
4,15,4,4,1,4,0,39,1,31,120461,10,0,0,50
4,11,0,5,1,4,1,39,0,37,83375,9,0,0,40
4,1,2,7,0,4,1,39,0,39,33487,7,0,0,40
4,11,0,8,4,0,0,39,0,32,163530,9,0,0,40
4,11,4,1,3,4,1,39,0,41,219591,9,0,0,40
4,15,4,12,2,4,0,39,0,19,257750,10,0,0,25
4,11,2,1,0,2,1,39,0,28,407043,9,0,0,40
5,15,2,4,0,1,1,3,0,40,137367,10,0,0,50
4,9,4,4,1,4,0,39,0,27,116531,13,0,0,40
4,9,2,12,0,2,1,39,3,32,169512,13,0,0,60
4,9,4,12,1,4,1,39,1,26,191803,13,0,0,40
4,15,4,12,1,4,0,39,1,26,362617,10,0,0,40
4,11,2,8,0,2,1,39,0,46,604380,9,0,0,40
5,11,2,4,0,4,1,39,0,35,153976,9,0,0,60
4,9,4,13,1,4,0,39,0,31,193132,13,0,0,42
4,7,2,12,0,4,1,39,0,54,82566,12,0,0,45
2,11,2,8,0,2,1,39,0,53,86600,9,0,0,40
4,15,2,3,0,4,1,39,0,37,147258,10,0,0,55
6,11,2,3,0,4,1,2,3,49,36601,9,0,0,40
4,9,4,10,1,4,0,39,0,22,46645,13,0,0,9
4,3,2,6,0,4,1,26,0,33,231826,2,0,0,40
4,11,2,12,0,4,1,39,1,28,110408,9,0,0,45
0,15,4,0,4,2,0,39,0,31,163890,10,0,0,40
0,15,2,0,0,4,1,39,0,70,293076,10,0,0,30
4,11,2,7,0,4,1,39,2,47,70943,9,5178,0,40
2,11,4,8,1,4,1,39,1,58,248739,9,0,0,40
4,9,2,12,0,4,1,39,2,26,22328,13,0,0,40
4,11,4,8,2,4,1,39,0,22,290504,9,0,0,40
7,12,6,11,4,4,1,39,0,46,102628,14,0,0,40
5,7,2,12,0,4,1,39,2,37,183800,12,0,1887,40
4,9,4,1,1,4,0,39,0,27,175034,13,0,0,40
4,1,4,6,3,4,1,39,0,90,313986,7,0,0,40
6,14,2,10,0,4,1,39,2,46,366089,15,15024,0,40
4,11,0,3,4,4,0,39,1,52,137984,9,0,0,40
4,11,0,11,1,4,1,39,0,33,105370,9,0,0,70
1,9,2,4,0,4,1,39,2,49,586657,13,7298,0,40
1,15,5,1,1,2,0,39,1,53,314871,10,0,0,40
4,8,4,8,4,4,0,39,1,33,112305,11,0,0,10
4,9,4,1,1,4,1,39,0,24,140001,13,0,0,40
4,5,5,8,1,4,0,39,1,58,201011,4,0,0,24
4,1,4,8,1,2,0,39,1,26,160264,7,0,0,40
7,9,4,10,1,4,1,39,0,37,46814,13,0,0,38
6,15,2,13,0,4,1,39,0,70,303588,10,0,0,20
2,15,2,11,0,4,1,39,2,35,211073,10,0,0,61
4,11,4,12,3,4,1,39,0,23,173535,9,0,0,40
6,15,2,3,0,4,1,39,0,50,124793,10,0,0,55
4,11,4,8,1,0,1,39,0,28,65389,9,0,0,30
1,14,2,2,0,4,1,39,3,52,165998,15,7298,0,50
6,15,2,3,0,4,1,39,0,72,203289,10,0,0,35
4,15,0,7,4,4,1,39,0,48,50402,10,0,0,40
4,15,0,4,3,4,0,39,1,33,152591,10,0,0,40
4,15,0,1,2,4,0,39,0,44,102085,10,0,0,40
4,15,2,12,0,4,1,39,1,60,137344,10,0,0,40
4,11,0,1,4,4,0,39,0,57,266189,9,0,0,42
4,8,0,11,1,2,1,39,0,46,174224,11,0,0,40
4,9,4,4,1,4,0,39,1,27,129009,13,0,0,55
4,15,2,3,0,4,1,39,3,44,235182,10,0,0,50
2,12,4,10,1,4,0,39,3,62,117292,14,8614,0,45
5,11,0,12,1,4,1,39,0,58,104333,9,0,0,50
6,8,2,5,0,4,1,39,2,70,268832,11,0,0,24
4,11,4,12,3,1,0,30,0,20,70240,9,0,0,24
4,8,0,13,1,4,0,39,1,48,183610,11,0,0,40
4,8,2,4,5,4,0,39,1,30,175323,11,0,0,52
4,15,2,3,0,4,1,39,0,38,183279,10,0,0,43
0,15,4,0,1,4,1,39,0,23,145964,10,0,0,40
4,5,4,3,1,2,1,39,1,54,283281,4,0,0,50
2,15,2,11,0,4,1,39,1,31,314375,10,0,0,30
4,11,5,8,1,4,0,39,0,34,186346,9,0,0,40
2,9,4,10,3,4,0,39,1,24,238384,13,0,0,37
4,15,0,1,4,4,0,4,0,38,277022,10,0,0,40
4,11,2,3,0,4,1,39,3,57,78020,9,0,0,40
4,1,2,5,0,4,1,39,0,40,198452,7,0,0,40
2,15,4,4,3,4,1,39,1,18,294605,10,0,0,12
4,11,2,14,0,4,1,39,2,36,361888,9,0,0,45
4,13,4,8,4,4,1,8,1,30,90308,1,0,0,28
4,5,2,7,0,4,1,39,0,43,316183,4,0,0,40
4,9,2,8,0,4,1,39,0,65,258561,13,0,0,20
4,9,2,12,0,4,1,39,2,43,125461,13,0,1902,55
4,11,4,10,4,4,0,39,1,35,193094,9,0,0,35
4,11,2,5,0,4,1,39,3,40,219869,9,99999,0,75
5,9,2,4,0,4,1,39,2,56,109856,13,15024,0,50
6,11,2,5,0,4,1,39,0,36,138940,9,0,0,70
4,11,4,1,1,4,0,39,1,32,236415,9,0,0,40
4,9,2,5,0,4,1,39,2,50,105010,13,0,0,45
4,11,2,3,0,4,1,39,0,53,47396,9,0,0,40
4,15,2,3,0,4,1,39,3,36,193815,10,0,0,50
1,11,0,1,4,0,0,39,1,36,20469,9,0,0,40
4,11,4,10,1,4,1,39,2,38,112497,9,0,0,40
4,9,2,4,0,4,1,39,1,28,285897,13,0,0,40
4,15,2,10,0,2,1,14,2,54,179291,10,0,0,56
5,15,2,4,0,4,1,39,2,57,257200,10,0,0,40
4,1,4,1,3,4,0,39,1,17,272372,7,0,0,7
4,8,2,4,0,4,1,39,3,45,102318,11,0,0,45
4,9,4,10,3,4,1,39,0,23,190273,13,0,0,40
4,11,4,5,4,4,0,39,0,47,160647,9,0,0,46
5,9,2,5,0,4,1,39,2,62,56248,13,0,2415,60
6,9,2,4,0,4,1,39,0,47,109421,13,0,0,50
4,11,6,1,3,4,0,39,0,22,120518,9,0,0,40
4,11,4,1,1,4,0,39,0,36,116608,9,4865,0,40
7,15,2,8,0,4,1,39,0,20,161978,10,0,0,20
4,11,0,8,4,4,0,39,0,55,52953,9,0,0,40
2,7,2,4,0,4,1,10,2,37,191364,12,0,0,40
4,15,4,8,3,4,0,39,0,30,270886,10,0,0,40
4,11,0,7,4,4,1,39,1,37,121228,9,0,1726,50
0,6,0,0,3,0,1,39,0,35,98989,5,0,0,38
4,15,4,7,3,2,0,39,0,32,227669,10,0,0,40
4,15,4,8,3,4,0,0,0,18,118376,10,0,0,16
4,7,2,3,0,4,1,39,2,42,235786,12,0,0,50
4,9,2,10,0,1,1,0,2,34,303187,13,0,0,40
4,15,2,1,5,4,0,39,0,36,461337,10,0,0,40
6,15,0,4,4,4,0,39,0,37,76855,10,0,0,40
4,9,2,4,0,4,1,39,2,62,153891,13,0,0,50
6,15,2,3,0,4,1,39,1,37,504871,10,0,0,40
2,9,2,1,5,4,0,11,2,36,380614,13,0,0,35
4,9,4,10,1,4,1,39,0,29,49087,13,0,0,50
4,15,0,13,1,4,1,39,0,29,166210,10,0,0,55
4,12,4,10,1,1,0,3,1,37,88215,14,0,0,40
4,11,4,1,3,2,0,39,0,33,133278,9,0,0,40
2,11,0,1,1,0,0,39,1,27,67187,9,0,0,33
4,9,2,4,0,4,1,39,2,32,195000,13,7298,0,45
4,15,0,7,1,4,0,39,0,42,143342,10,0,0,40
6,11,2,3,0,4,1,39,2,60,52900,9,0,0,42
4,9,2,4,2,1,0,3,2,32,353994,13,0,0,40
4,11,6,12,1,4,0,39,1,60,491214,9,0,0,30
5,11,2,5,0,4,1,39,0,43,104892,9,0,0,45
6,9,2,12,0,4,1,39,3,55,73684,13,15024,0,65
4,11,0,8,2,2,0,39,0,52,158993,9,0,0,38
0,0,4,0,3,2,0,39,0,17,172145,6,0,0,40
4,9,2,4,0,4,1,39,2,30,111415,13,0,0,45
4,9,0,8,1,4,1,39,0,41,113823,13,0,0,40
2,9,2,10,0,4,1,39,3,41,223410,13,7688,0,40
4,11,0,7,4,4,1,0,0,38,108907,9,0,0,40
1,14,2,10,0,4,1,39,2,61,151369,15,0,0,50
4,15,4,1,1,4,0,39,0,18,447882,10,0,0,20
4,11,2,3,0,4,1,39,0,38,184655,9,0,1740,48
4,15,2,4,0,4,1,39,1,35,195253,10,0,0,60
4,15,4,1,1,4,0,39,0,28,160981,10,0,0,52
4,9,2,12,5,4,0,39,0,57,158077,13,0,0,40
4,8,4,4,3,4,1,39,0,23,109307,11,0,0,40
7,8,2,8,0,4,1,39,3,42,184105,11,0,0,45
4,0,4,3,4,4,1,39,0,22,141698,6,0,0,40
4,7,4,4,3,2,0,39,0,26,121040,12,0,0,40
7,11,2,11,0,4,1,39,0,30,112139,9,0,0,40
4,11,4,8,3,4,0,39,0,32,131379,9,0,0,40
4,15,4,1,1,4,0,39,1,34,190151,10,0,0,42
4,7,4,1,3,4,0,39,0,40,202872,12,0,0,45
5,15,2,4,0,4,1,39,2,48,213140,10,0,0,40
4,15,6,4,1,4,0,39,1,60,140516,10,0,0,40
4,11,0,8,1,4,0,39,1,48,158685,9,0,0,16
4,12,2,10,0,4,1,39,1,39,370032,14,0,0,45
4,9,4,10,1,4,0,39,0,26,96467,13,0,0,40
4,2,4,14,2,4,1,39,0,22,409230,8,0,0,40
4,11,6,12,2,4,0,39,0,73,267408,9,0,0,15
4,11,4,12,1,4,1,39,1,34,205072,9,0,0,50
4,5,4,7,3,4,1,39,0,18,83492,4,0,0,40
4,15,4,12,1,4,0,39,1,23,72922,10,0,0,30
4,9,4,8,2,4,1,39,0,26,341353,13,0,0,15
5,15,2,7,0,4,1,11,0,50,152810,10,0,0,70
4,8,2,1,0,4,1,39,0,29,56630,11,0,0,40
4,0,2,3,0,4,1,39,2,59,157932,6,0,0,40
4,11,2,4,0,4,1,39,1,47,284907,9,0,0,40
4,9,4,13,3,4,0,39,0,26,134888,13,0,0,35
2,15,2,11,0,4,1,39,2,42,194417,10,0,0,40
4,10,0,13,4,4,1,39,3,49,132476,16,7430,0,40
4,8,4,3,3,4,1,39,0,24,177526,11,0,0,40
7,7,4,10,1,4,1,39,0,20,158206,12,0,0,30
4,9,2,10,0,4,1,39,1,39,320305,13,0,0,60
4,11,4,6,2,2,0,39,0,31,595000,9,0,0,35
4,11,2,3,0,4,1,39,3,46,118714,9,7298,0,40
6,14,5,10,4,4,1,39,2,34,320194,15,0,0,48
1,9,2,4,0,4,1,39,3,53,36186,13,7298,0,40
4,11,2,5,0,2,1,39,0,29,663394,9,0,0,40
2,12,0,4,1,4,0,39,0,37,89491,14,0,0,40
6,15,5,3,1,4,1,39,0,26,109609,10,0,0,30
4,11,2,14,0,4,1,39,0,59,108765,9,0,0,50
4,9,2,10,0,4,1,39,3,65,228182,13,0,0,40
2,7,4,1,1,4,0,39,0,28,304960,12,0,1980,40
2,8,4,10,1,4,0,39,0,36,357720,11,0,0,40
4,11,2,3,0,4,1,39,2,34,199539,9,0,0,48
4,15,4,14,3,4,1,39,0,35,115215,10,0,0,45
4,9,2,10,0,4,1,39,3,37,175232,13,0,0,40
4,9,4,3,1,4,1,39,1,29,309778,13,0,0,40
4,14,2,10,0,1,1,19,1,39,139057,15,0,0,38
6,15,0,5,4,4,1,39,0,44,325159,10,0,0,40
4,15,2,12,0,4,1,39,0,61,54373,10,0,0,40
4,15,4,13,3,4,1,39,1,19,218956,10,0,0,20
4,15,4,13,3,4,1,39,0,23,549349,10,0,0,40
4,9,2,10,0,4,1,39,2,36,354078,13,0,0,60
5,11,2,4,0,4,1,39,2,32,99309,9,0,0,40
0,9,2,0,0,4,1,39,2,61,160625,13,4386,0,15
4,11,0,6,3,4,0,39,0,34,290763,9,0,0,40
4,15,4,1,3,4,0,39,0,24,127139,10,0,0,40
4,9,2,4,5,4,0,39,2,31,127610,13,0,0,50
4,15,4,12,3,4,0,39,0,19,123718,10,0,0,20
4,11,2,7,0,2,1,39,1,60,241013,9,0,0,40
4,11,2,14,0,4,1,39,0,40,210013,9,0,0,50
0,9,2,0,0,4,1,39,0,76,173542,13,0,0,10
1,11,2,1,0,4,1,39,0,36,67317,9,0,0,40
4,12,2,12,0,4,1,39,3,42,184018,14,0,0,45
4,11,4,14,2,1,1,0,0,37,163392,9,0,0,40
4,11,2,6,0,4,1,39,3,52,203635,9,0,0,40
2,15,2,14,0,4,1,39,0,37,327120,10,0,0,30
4,8,6,10,1,4,0,39,0,57,167864,11,0,0,40
4,15,2,10,5,1,0,39,0,26,77698,10,0,0,40
4,8,4,6,3,4,0,39,0,28,265628,11,0,0,40
4,2,2,14,0,4,1,39,2,29,133136,8,0,0,40
4,15,4,4,1,4,0,21,2,48,160647,10,0,0,40
6,11,2,4,0,4,1,39,0,44,104196,9,0,0,84
5,11,4,5,1,4,1,39,0,38,257250,9,0,0,50
0,11,4,0,3,4,0,39,0,48,184682,9,0,0,18
2,11,2,3,0,4,1,39,1,56,205759,9,0,0,40
0,11,4,0,3,4,0,39,0,20,174461,9,0,0,5
4,9,4,3,1,2,1,39,1,26,180514,13,0,0,40
4,10,0,10,4,4,1,39,2,62,195343,16,15020,0,50
4,8,2,1,0,4,1,39,0,65,386672,11,0,0,15
6,11,2,5,0,4,1,39,1,67,36876,9,0,0,40
5,15,0,12,1,4,0,39,1,49,106169,10,0,0,40
4,11,2,13,0,4,1,39,0,26,169727,9,0,0,40
4,11,2,10,0,4,1,39,0,60,198727,9,0,0,30
4,12,6,10,1,4,0,39,2,61,99784,14,0,0,40
2,9,4,10,3,2,0,39,0,22,121144,13,0,0,18
4,1,4,12,3,4,1,39,1,19,244175,7,0,0,25
4,11,4,8,3,4,0,39,0,21,141453,9,0,0,40
6,11,2,5,5,4,0,39,0,61,32423,9,22040,0,40
4,11,2,11,0,4,1,39,2,49,168211,9,0,0,40
4,15,4,8,1,4,1,39,0,23,235722,10,0,0,20
4,12,4,1,1,4,0,39,2,58,142924,14,0,0,24
0,11,2,0,0,4,1,39,0,34,55921,9,0,0,40
4,0,2,11,0,4,1,39,1,67,162009,6,0,0,16
4,11,4,1,3,4,0,39,0,50,180607,9,0,0,40
4,15,2,4,0,4,1,39,3,38,179481,10,0,0,45
4,15,2,7,0,4,1,26,0,22,496025,10,0,0,40
4,15,4,12,3,4,0,39,0,24,153583,10,0,0,40
2,9,5,10,4,4,0,39,0,43,106982,13,0,0,40
4,11,0,7,4,2,0,39,1,33,265204,9,0,0,40
6,15,2,3,0,4,1,39,1,40,173651,10,0,0,45
0,15,0,0,1,4,0,39,0,39,179352,10,0,0,35
4,11,0,4,4,4,1,39,1,49,289707,9,0,0,60
4,9,2,12,0,4,1,39,2,25,154941,13,0,0,40
4,11,4,14,4,2,0,39,0,49,48120,9,1506,0,40
4,11,2,6,0,4,1,39,2,42,155972,9,0,0,40
0,15,4,0,3,4,0,39,0,18,276864,10,0,1602,20
4,8,0,4,1,4,1,39,0,30,220939,11,0,0,40
4,15,2,3,0,4,1,39,0,36,191335,10,0,0,56
4,11,2,3,0,4,1,39,1,27,190784,9,3137,0,45
2,11,2,8,0,4,1,39,0,53,135102,9,0,2002,45
4,11,0,3,1,4,1,39,0,33,288825,9,0,2258,84
2,9,4,10,3,4,0,39,0,25,192321,13,0,0,40
4,8,2,10,5,4,0,39,2,49,309033,11,15024,0,60
4,9,2,12,0,4,1,39,2,62,664366,13,0,0,60
4,7,4,13,4,4,0,39,0,36,280440,12,0,0,45
4,11,2,3,0,4,1,39,1,37,206951,9,0,0,40
4,12,4,4,1,2,1,39,2,39,315776,14,8614,0,52
4,7,2,5,0,4,1,39,2,44,379919,12,0,0,60
4,15,4,12,1,4,1,39,1,27,240172,10,0,0,40
4,8,2,3,0,0,1,39,3,42,144056,11,0,0,40
4,15,4,1,3,4,0,39,1,24,193130,10,0,0,40
2,14,2,10,0,4,1,39,3,55,258121,15,0,1902,40
6,15,0,3,1,4,1,39,0,30,148959,10,0,0,35
4,9,2,4,0,4,1,39,2,44,104440,13,0,0,40
4,12,2,10,0,4,1,39,2,48,131309,14,0,0,45
7,9,2,4,0,4,1,39,3,48,185859,13,0,0,38
4,1,6,1,4,4,0,39,0,55,169611,7,0,0,40
4,11,2,12,5,4,0,39,0,27,191822,9,0,0,50
4,9,2,10,0,4,1,39,0,44,106900,13,0,0,60
4,9,0,1,4,4,0,39,2,45,160647,13,4687,0,35
4,0,0,7,3,4,0,39,0,28,42881,6,0,0,40
6,11,2,4,0,4,1,39,0,45,220978,9,0,0,50
4,11,0,10,4,4,0,39,0,35,190728,9,0,0,40
4,7,2,4,0,4,1,39,2,52,175714,12,0,0,55
4,15,4,1,4,4,0,33,0,33,256062,10,0,0,35
6,0,0,5,4,4,1,39,0,49,59612,6,0,0,70
6,11,4,10,1,4,1,39,0,33,361497,9,0,0,40
4,0,2,14,0,4,1,39,2,46,369538,6,0,0,40
4,11,2,12,5,4,0,39,0,58,97562,9,0,0,38
4,11,2,4,0,4,1,39,2,53,88842,9,99999,0,40
2,12,2,10,5,4,0,39,1,61,176671,14,0,0,30
4,9,4,10,1,4,1,39,0,32,172375,13,0,0,38
4,9,2,10,0,4,1,39,3,30,195447,13,0,0,50
1,7,4,8,3,4,1,39,0,22,209131,12,0,0,20
4,15,2,12,0,4,1,39,2,44,96249,10,0,0,60
4,15,4,12,3,4,0,39,0,18,171088,10,0,0,10
4,11,4,12,3,4,0,39,1,21,203178,9,0,0,35
4,1,4,7,1,4,1,39,1,35,190023,7,0,0,40
0,6,0,0,1,4,0,39,0,31,82473,5,0,0,25
4,9,4,1,3,4,0,39,0,22,202416,13,0,0,40
4,11,2,7,0,4,1,39,1,25,192449,9,0,0,40
1,9,2,4,0,4,1,39,2,35,475324,13,0,0,40
4,6,4,9,1,4,0,26,1,28,236834,5,0,0,35
4,11,4,6,4,4,1,39,1,26,206721,9,0,0,40
6,15,2,5,0,4,1,39,0,66,262552,10,0,0,7
6,9,2,10,0,4,1,39,2,52,334273,13,0,0,60
4,5,4,7,1,4,0,6,0,78,111189,4,0,0,35
4,2,2,3,0,4,1,39,1,34,132565,8,0,0,40
6,6,2,5,0,4,1,39,0,45,183710,5,0,0,40
4,8,0,8,1,4,0,39,0,63,254907,11,0,0,20
4,15,4,3,3,4,0,39,0,38,185330,10,0,0,25
4,1,4,10,3,4,0,39,0,18,131180,7,0,0,16
4,11,2,8,2,4,0,39,1,30,166671,9,0,0,40
7,11,2,1,5,4,0,39,3,48,224752,9,0,0,40
4,11,2,8,0,4,1,39,0,55,127014,9,0,0,60
0,11,5,0,1,2,1,39,0,51,130667,9,0,0,6
4,1,4,6,1,3,1,39,1,18,338717,7,0,0,25
4,11,2,6,0,2,1,39,2,27,275110,9,0,0,80
4,9,2,4,0,4,1,39,1,38,200352,13,0,0,50
4,15,4,1,3,4,0,39,0,22,103277,10,0,0,20
4,15,2,3,0,4,1,39,1,34,135304,10,0,0,45
6,11,6,1,2,4,0,39,0,62,136684,9,0,0,30
4,11,2,12,0,4,1,39,0,42,169995,9,0,0,48
4,9,2,6,0,4,1,39,1,35,139364,13,0,0,45
4,11,4,8,2,2,1,39,1,40,215479,9,0,0,40
4,11,4,7,2,4,1,39,0,21,166851,9,0,0,40
4,15,4,14,3,4,0,39,0,22,29810,10,0,0,30
0,11,4,0,3,2,1,39,0,19,113915,9,0,0,10
4,0,4,8,3,4,1,39,0,17,126832,6,0,0,30
7,9,4,10,3,4,0,39,0,22,201569,13,0,0,20
6,15,4,1,1,4,0,39,0,30,87561,10,0,0,60
4,11,4,8,3,4,1,39,0,21,286853,9,0,0,35
4,11,4,6,1,2,1,39,1,44,229148,9,0,0,35
4,11,4,12,1,2,0,39,1,22,212780,9,0,0,30
0,8,2,0,5,4,0,39,2,65,117162,11,0,0,56
4,9,4,10,1,4,1,2,0,33,191385,13,0,0,40
7,7,2,10,0,4,1,39,1,35,223725,12,0,0,65
4,11,6,1,4,4,0,39,1,26,123384,9,0,0,20
4,15,4,10,3,4,0,39,0,32,54782,10,0,0,40
7,12,4,4,1,4,1,34,0,27,230922,14,0,0,40
4,11,2,1,0,4,1,39,1,56,373216,9,0,0,48
4,6,0,8,2,4,0,39,0,41,200652,5,0,0,35
4,0,4,7,1,1,1,40,0,45,101656,6,0,0,40
4,11,2,14,0,4,1,39,1,46,144844,9,0,0,42
6,9,2,12,0,4,1,39,1,47,39518,13,0,0,60
2,9,0,10,4,2,0,39,0,42,189956,13,0,0,30
4,11,4,8,1,2,0,39,1,34,208116,9,0,0,25
4,11,0,14,1,4,1,39,0,36,105138,9,0,0,50
4,11,4,7,4,1,1,30,1,33,101867,9,0,0,40
4,1,2,14,0,4,1,39,1,34,361497,7,0,0,40
6,11,6,3,1,4,0,39,0,57,217692,9,0,0,38
2,15,2,4,0,4,1,39,2,45,334039,10,0,0,40
4,15,0,1,1,4,0,39,0,76,98695,10,0,0,20
4,9,2,4,5,4,0,39,3,49,116641,13,15024,0,35
4,12,2,10,2,4,1,39,2,35,138992,14,7298,0,40
6,11,2,3,0,4,1,39,1,39,33001,9,0,0,40
4,10,2,10,0,4,1,3,2,69,230417,16,0,0,40
5,9,2,4,5,4,0,39,2,48,369522,13,0,0,25
4,11,4,1,1,4,1,39,1,27,420351,9,0,0,45
4,8,2,3,0,4,1,39,0,43,240124,11,0,0,40
4,6,4,8,3,2,1,39,0,17,143868,5,0,0,40
4,7,2,6,0,4,1,39,0,33,157747,12,0,0,40
4,15,2,4,0,4,1,39,2,36,160035,10,0,0,55
5,11,2,12,0,4,1,39,1,38,314007,9,0,0,78
4,11,2,3,0,4,1,39,1,37,410034,9,0,0,56
4,11,5,3,1,4,1,39,0,30,232475,9,0,0,40
2,15,2,14,5,4,0,39,0,41,66118,10,0,0,25
2,12,2,10,5,4,0,39,2,40,333530,14,0,0,40
4,6,4,8,3,2,1,39,0,17,133449,5,0,0,26
4,1,4,14,3,4,1,39,0,20,387779,7,0,0,15
4,6,2,3,0,4,1,39,1,35,203482,5,0,0,40
4,15,2,7,0,4,1,39,1,27,169544,10,0,0,50
6,11,4,5,1,4,1,39,0,38,37778,9,0,0,60
6,11,4,3,2,4,1,39,1,24,166371,9,0,0,40
4,11,2,3,0,4,1,39,2,48,101299,9,0,0,40
4,6,0,10,1,2,0,39,0,28,175431,5,0,0,40
4,11,2,3,0,4,1,39,2,48,155664,9,7688,0,70
4,2,4,7,3,4,1,39,0,20,224424,8,0,0,40
4,15,2,8,5,4,0,39,0,58,366324,10,0,0,30
4,9,2,3,0,4,1,39,3,28,31801,13,0,1887,50
4,8,4,7,1,4,1,39,0,24,278130,11,0,0,40
4,11,2,12,0,4,1,39,0,26,150062,9,0,0,50
4,11,2,3,0,4,1,39,2,44,260761,9,0,0,40
4,11,4,8,4,2,0,14,1,42,227968,9,0,0,28
4,11,4,6,1,2,1,39,1,36,197274,9,0,0,40
4,15,4,12,3,4,0,39,0,19,93518,10,0,0,20
4,0,4,3,1,4,1,39,0,32,27207,6,0,0,50
4,9,2,4,0,4,1,39,2,36,269318,13,0,0,50
4,9,4,10,1,4,0,39,0,23,46645,13,0,0,25
4,15,2,11,0,4,1,39,2,54,159755,10,0,0,40
4,9,2,13,5,4,0,39,2,30,118551,13,0,0,16
4,1,4,12,3,4,1,39,0,17,193748,7,0,0,15
4,11,2,3,0,4,1,39,1,32,255004,9,0,0,50
4,9,2,4,0,4,1,39,3,32,187815,13,0,0,45
2,2,2,14,0,4,1,39,0,43,301638,8,0,1579,40
4,11,2,3,0,4,1,39,0,38,204527,9,0,0,50
6,7,3,4,1,4,0,39,0,61,224784,12,0,0,90
4,11,2,3,0,4,1,39,3,42,205195,9,0,0,40
2,6,2,3,0,2,1,38,2,28,154863,5,0,0,40
4,5,2,12,0,4,1,39,1,63,106141,4,0,0,45
4,15,4,13,2,4,1,39,0,70,105376,10,0,0,40
4,11,2,14,0,4,1,39,2,51,158948,9,0,0,84
4,15,0,1,1,4,0,39,1,58,32954,10,0,0,40
6,9,0,3,1,4,1,39,3,50,187830,13,27828,0,16
4,12,2,12,0,4,1,39,2,61,208919,14,0,0,60
4,15,0,1,4,4,0,39,0,28,115971,10,0,0,40
4,15,2,1,0,4,1,39,2,34,209808,10,0,0,40
4,11,4,6,3,2,1,39,0,25,324372,9,0,0,40
6,9,0,4,1,4,1,39,0,44,83812,13,0,0,60
4,11,2,4,0,4,1,39,3,49,38819,9,0,0,60
4,14,4,10,2,4,0,39,1,27,126060,15,0,0,40
2,7,2,1,5,4,0,39,0,51,47415,12,0,1628,30
6,1,2,8,5,4,0,39,0,56,51662,7,0,0,40
4,14,2,4,0,1,1,19,1,54,137069,15,0,0,40
4,15,0,3,1,4,1,39,2,41,125461,10,0,0,40
4,11,4,1,3,4,1,39,0,22,239612,9,0,0,20
4,5,2,7,0,4,1,39,0,44,99203,4,0,0,40
4,11,2,4,0,4,1,39,3,35,284358,9,0,0,50
4,9,2,10,0,4,1,39,0,25,192273,13,0,0,40
4,8,2,3,0,4,1,39,0,24,206671,11,0,0,40
6,4,2,5,0,4,1,39,3,44,255543,3,0,0,84
4,15,2,11,0,3,1,39,0,43,216697,10,0,0,32
4,1,2,6,5,1,0,30,0,29,157308,7,2829,0,14
4,15,2,8,0,4,1,39,1,26,544319,10,0,0,40
4,1,4,8,3,4,1,39,1,17,188758,7,0,0,20
4,15,4,8,1,4,0,39,0,30,101283,10,0,0,40
6,15,2,3,0,4,1,39,0,29,109001,10,0,0,35
4,9,2,4,0,4,1,39,2,49,148549,13,0,1902,50
4,1,6,6,4,2,0,39,0,51,157043,7,0,0,40
4,7,2,12,0,4,1,39,2,51,175070,12,5178,0,45
4,0,6,8,1,4,0,39,0,73,123160,6,0,0,10
5,11,2,7,0,4,1,39,0,47,188610,9,0,0,48
7,9,2,10,0,4,1,39,1,30,103651,13,0,0,40
2,9,0,10,4,4,0,39,1,46,66934,13,0,0,45
4,6,6,3,1,4,1,39,1,51,171914,5,0,0,30
6,10,4,10,1,4,1,39,2,33,196342,16,0,0,45
4,9,0,8,1,1,1,39,2,31,100252,13,99999,0,70
4,11,2,14,0,4,1,39,0,33,126950,9,0,0,60
6,11,0,3,1,2,1,39,0,52,199265,9,0,0,40
4,15,2,3,0,4,1,39,0,62,170984,10,0,0,45
4,12,2,10,0,4,1,39,2,34,134737,14,7688,0,55
4,9,2,12,0,2,1,39,2,42,153414,13,0,0,40
4,11,2,1,0,4,1,39,1,24,109813,9,3137,0,40
6,7,2,14,0,4,1,39,2,37,348960,12,0,0,50
4,15,4,3,3,4,1,39,1,26,192549,10,0,0,40
4,5,6,8,1,4,0,39,1,57,207604,4,0,0,40
4,11,2,3,0,4,1,39,1,39,105813,9,3908,0,72
4,9,4,4,1,4,1,39,0,25,321205,13,4101,0,35
4,9,4,4,3,4,1,39,1,36,195148,13,0,0,40
4,15,2,3,0,0,1,39,2,41,113555,10,7298,0,50
4,6,2,3,0,4,1,33,1,44,162372,5,0,0,45
4,11,4,12,1,4,1,39,0,22,67234,9,0,0,60
4,15,4,10,1,4,1,39,1,28,332249,10,0,0,25
4,9,4,1,1,4,1,39,0,25,242464,13,0,0,40
4,11,0,13,1,4,1,39,2,58,142076,9,4787,0,39
4,11,2,1,5,4,0,39,2,33,34748,9,0,1887,20
4,11,2,4,0,4,1,39,0,27,101618,9,0,0,50
4,6,4,4,1,4,0,39,0,35,206253,5,0,0,40
4,8,2,3,0,4,1,39,1,60,69955,11,4064,0,40
4,11,4,7,1,4,1,39,1,19,44047,9,0,0,40
2,11,0,1,1,4,0,39,1,53,235567,9,0,0,40
2,15,2,4,0,0,1,39,3,39,32587,10,0,1485,40
4,9,2,10,5,2,0,39,3,25,629900,13,0,0,40
0,8,4,0,1,4,1,39,0,21,219835,11,0,0,40
4,12,0,10,1,4,0,39,1,69,119907,14,0,0,40
4,11,2,7,0,4,1,39,1,29,168221,9,0,0,40
4,11,2,7,0,4,1,39,1,28,269317,9,0,0,42
6,9,4,3,3,4,1,39,0,36,206520,13,0,0,40
4,9,4,12,1,4,1,39,0,23,189017,13,0,0,55
4,11,0,10,4,2,0,39,1,36,261012,9,0,0,50
4,11,4,1,3,4,1,39,1,22,224969,9,0,0,40
6,11,2,5,0,4,1,39,1,47,276087,9,0,0,65
1,9,4,13,1,4,1,39,0,26,76900,13,0,0,40
4,11,4,3,1,2,0,39,1,37,216129,9,0,0,45
4,11,2,7,0,4,1,39,2,33,184901,9,0,0,40
4,6,4,8,3,2,1,39,0,18,120544,5,0,0,15
4,11,0,8,4,4,0,39,1,36,149653,9,0,0,40
1,9,0,10,1,2,0,39,1,40,134307,13,0,1741,40
6,11,2,12,0,2,1,23,0,44,195486,9,0,0,70
1,12,4,4,1,4,1,39,2,35,287031,14,8614,0,40
4,15,2,3,0,4,1,39,0,21,305874,10,0,0,54
4,9,2,4,2,4,1,39,0,37,219546,13,3411,0,47
4,0,4,8,3,4,1,39,0,17,117477,6,0,0,40
7,15,0,1,1,4,0,39,1,56,104447,10,0,2339,40
6,11,2,14,0,4,1,39,0,29,33798,9,0,0,45
4,15,0,12,1,4,1,39,1,59,172618,10,0,0,56
4,6,4,3,3,4,1,39,0,17,121287,5,0,0,40
4,9,2,12,0,4,1,39,3,46,180532,13,0,0,50
4,15,4,12,1,4,1,39,0,27,85625,10,0,0,20
4,12,2,4,0,4,1,39,2,38,91039,14,0,0,65
4,9,2,4,0,4,1,39,3,48,162187,13,0,0,48
4,9,4,12,2,4,0,39,3,48,198000,13,0,0,38
4,15,0,10,1,4,0,39,0,53,29557,10,0,0,40
2,9,4,10,1,4,0,39,1,37,170861,13,0,0,45
8,5,6,5,4,4,0,39,0,65,27012,4,0,0,50
4,7,2,12,0,4,1,39,3,90,149069,12,0,1825,50
2,11,2,3,0,4,1,39,0,30,40338,9,0,0,40
5,9,2,4,0,4,1,39,3,32,225053,13,99999,0,60
0,1,4,0,3,2,0,39,0,17,48751,7,0,0,40
2,12,4,10,1,4,0,39,0,40,26929,14,0,0,40
6,11,4,1,3,1,0,39,0,19,73514,9,0,0,30
0,15,4,0,2,4,0,39,0,20,149478,10,0,0,25
4,15,2,4,0,4,1,39,1,40,169262,10,3411,0,50
4,8,2,6,0,4,1,39,1,26,93017,11,0,0,40
4,9,4,8,3,4,1,39,0,25,211424,13,0,0,40
4,1,4,7,1,2,1,39,1,41,118001,7,0,0,40
4,15,2,14,0,2,1,39,0,44,286750,10,0,0,40
5,2,2,4,0,4,1,39,0,56,216636,8,0,1651,40
4,11,0,14,1,4,1,39,0,35,186110,9,0,0,45
6,11,3,14,2,1,1,19,2,29,341672,9,0,1564,50
7,10,4,10,1,4,1,39,3,44,46221,16,0,0,45
4,11,2,3,0,4,1,39,0,55,414994,9,0,0,40
4,14,2,10,0,4,1,39,2,31,340880,15,0,0,60
4,11,3,3,4,2,1,39,1,49,68493,9,0,0,40
4,15,5,4,1,4,1,39,2,44,144778,10,0,0,45
4,15,2,4,0,4,1,39,0,34,122116,10,0,0,40
4,11,0,12,1,4,1,39,0,52,186272,9,0,0,40
4,11,2,12,0,4,1,39,0,23,39182,9,0,0,40
6,9,2,4,0,4,1,39,1,36,48160,13,0,0,40
4,15,4,10,1,4,1,39,2,25,469572,10,8614,0,40
4,12,2,4,0,4,1,12,2,58,146477,14,15024,0,40
7,11,2,3,0,4,1,39,1,29,89487,9,0,0,40
6,9,0,8,4,4,0,39,1,37,191841,13,0,0,48
4,11,4,8,4,4,0,39,1,19,180917,9,0,0,40
1,11,2,3,0,4,1,39,0,47,211123,9,0,0,40
4,15,2,3,0,4,1,39,2,36,415578,10,0,0,40
4,14,4,10,1,4,1,39,2,45,327886,15,0,0,40
4,8,0,1,4,4,0,39,1,38,108293,11,0,0,38
7,12,4,10,1,4,1,39,1,27,38353,14,0,0,40
0,15,4,0,3,2,1,39,0,22,236330,10,0,1721,20
6,4,2,14,0,4,1,39,0,47,152752,3,0,0,20
4,11,2,14,0,4,1,39,2,59,195820,9,0,0,40
4,8,2,10,0,4,1,39,3,24,196943,11,0,0,40
4,15,6,10,1,4,0,18,0,65,172510,10,1848,0,20
4,1,4,12,3,4,1,39,0,17,224073,7,0,0,20
6,5,2,3,0,4,1,39,1,70,323987,4,0,0,8
6,9,0,4,1,3,1,20,0,42,126614,13,0,0,30
1,15,4,1,4,4,1,39,0,55,113398,10,0,0,40
4,3,2,14,0,4,1,39,0,54,263925,2,0,0,50
4,12,4,10,3,4,1,39,1,24,99844,14,0,0,60
4,11,2,7,2,1,1,3,1,31,173858,9,0,1902,40
4,15,0,4,1,4,0,39,1,48,185039,10,0,0,40
4,11,2,3,0,4,1,39,0,49,157569,9,0,0,40
4,11,4,7,1,4,0,39,0,23,122048,9,0,0,40
4,10,2,10,0,4,1,39,1,40,36556,16,0,0,55
4,11,2,7,0,4,1,39,0,58,190747,9,0,0,40
4,15,4,8,1,4,0,39,0,23,203240,10,0,0,40
4,0,4,8,4,4,0,29,0,49,200949,6,0,0,38
4,9,2,14,0,4,1,39,0,44,82601,13,0,0,40
2,9,0,10,4,4,0,39,0,40,105862,13,5455,0,40
4,15,2,7,0,4,1,39,3,28,115677,10,0,1902,40
4,15,4,8,3,4,1,39,0,21,191243,10,0,0,40
4,15,4,8,1,2,1,39,1,32,252168,10,0,0,35
4,15,2,4,0,4,1,39,2,36,188069,10,0,0,50
2,15,0,1,4,4,0,39,0,29,45554,10,0,0,40
4,11,4,1,3,2,0,39,1,24,131220,9,0,0,40
4,15,2,1,5,4,0,39,2,49,255559,10,0,0,40
1,12,0,4,1,4,1,39,3,54,201127,14,0,0,42
4,15,4,8,3,4,0,39,0,19,39756,10,0,0,15
4,1,4,8,3,4,1,39,1,18,161245,7,0,0,8
4,11,4,13,1,4,0,39,1,33,121966,9,0,0,50
6,15,2,12,0,4,1,39,3,50,98180,10,99999,0,45
1,11,4,1,3,4,0,39,1,20,114365,9,0,0,40
4,9,4,12,3,2,0,39,0,23,313573,13,0,0,25
4,1,4,8,3,4,0,39,0,17,52486,7,0,0,12
2,9,2,11,0,4,1,39,3,56,277203,13,0,0,40
4,15,2,3,0,1,1,40,0,45,338105,10,0,0,40
4,7,2,3,0,4,1,39,2,41,177305,12,0,0,60
4,11,4,1,4,2,0,39,0,25,190350,9,0,0,40
4,15,2,11,0,4,1,39,2,29,191722,10,7688,0,54
4,11,4,11,2,2,1,39,0,29,227890,9,0,0,40
4,15,3,12,4,4,0,39,0,46,292504,10,0,0,40
4,15,2,14,0,4,1,39,3,55,323639,10,0,0,74
4,11,4,7,2,4,1,26,0,19,228238,9,0,0,40
4,15,0,1,1,4,1,39,1,45,277434,10,0,0,50
4,9,2,10,0,4,1,39,2,32,396745,13,0,2415,48
6,1,2,10,0,0,1,39,1,35,95639,7,0,0,4
4,11,2,7,0,4,1,39,0,49,185041,9,0,0,40
4,15,5,8,4,4,0,26,0,31,403468,10,0,0,50
4,11,2,3,0,4,1,39,2,50,168539,9,0,0,40
0,15,4,0,3,4,1,39,0,19,48393,10,0,0,84
4,9,2,10,0,4,1,22,2,44,120277,13,15024,0,50
4,11,2,3,0,4,1,39,0,61,106330,9,0,0,40
5,11,2,12,0,4,1,39,3,52,311259,9,0,0,40
7,11,2,14,0,4,1,39,1,62,342049,9,0,0,40
6,10,2,10,0,4,1,39,2,42,24763,16,15024,0,40
4,14,2,10,0,4,1,39,3,76,174839,15,9386,0,25
0,1,4,0,4,2,0,39,0,18,340117,7,0,0,50
6,9,4,10,3,4,0,39,0,27,153546,13,0,0,40
4,15,4,12,3,4,0,39,0,21,34616,10,0,0,20
1,14,4,10,1,4,0,39,0,29,41013,15,0,0,55
2,9,4,10,1,2,0,39,1,52,76081,13,0,0,40
1,9,2,4,5,0,0,39,2,50,32801,13,0,0,40
4,11,2,7,0,4,1,39,0,36,312206,9,0,0,40
1,9,2,10,0,1,1,40,0,35,110188,13,0,0,40
4,15,4,8,3,4,0,39,0,20,379525,10,0,0,10
4,15,2,6,5,4,0,24,1,48,175615,10,0,0,40
4,0,0,8,1,0,0,39,1,57,43290,6,0,0,20
2,9,4,10,1,4,1,39,0,23,287988,13,0,0,40
6,15,4,3,4,4,1,39,0,25,113436,10,0,0,35
4,2,4,6,3,4,1,39,0,18,128086,8,0,0,18
2,9,0,10,4,4,0,39,0,43,118600,13,0,625,40
4,15,0,10,4,4,0,39,0,43,108945,10,0,0,38
4,15,5,4,1,4,1,39,1,41,362815,10,0,0,50
4,15,4,8,1,4,0,39,0,20,157599,10,0,0,25
4,11,6,8,4,4,0,39,0,54,96792,9,0,0,32
4,15,4,13,1,4,0,39,0,20,107658,10,0,0,10
0,1,4,0,3,2,1,39,0,20,348148,7,0,0,40
4,11,4,6,3,4,1,39,0,22,222993,9,0,0,40
2,12,2,10,0,4,1,39,2,40,153031,14,7298,0,35
6,11,2,3,0,4,1,39,1,64,21174,9,0,0,20
4,11,4,14,4,2,1,39,0,34,52537,9,0,0,30
4,15,0,1,4,4,0,39,0,35,338611,10,0,0,40
4,9,5,4,4,2,0,39,0,33,547886,13,0,0,40
0,15,6,0,1,0,1,39,0,82,52921,10,0,0,3
6,11,4,5,1,4,1,39,0,25,263300,9,0,0,50
1,15,6,14,1,4,0,39,0,74,39890,10,0,0,18
4,11,6,1,4,4,0,39,1,67,192995,9,6723,0,40
2,9,2,10,0,4,1,39,3,38,316470,13,0,0,40
4,8,2,4,0,4,1,39,1,39,97771,11,0,0,45
4,1,4,12,3,4,0,39,0,17,401198,7,0,0,15
4,15,4,1,3,4,0,39,1,21,122048,10,0,0,29
5,9,4,4,3,4,1,39,0,30,84119,13,0,0,43
4,11,4,7,3,4,1,39,1,20,116830,9,0,0,43
4,9,2,10,0,4,1,39,2,42,52781,13,7688,0,40
4,11,0,1,1,4,0,39,0,28,184078,9,0,0,40
4,0,6,12,1,4,0,39,1,70,113401,6,0,0,40
4,15,4,8,2,4,0,39,0,29,192283,10,0,0,20
4,11,0,8,4,4,0,39,1,20,419984,9,0,0,25
4,15,2,7,5,4,0,39,3,37,446390,10,0,0,40
5,11,2,4,0,4,1,39,2,63,222289,9,0,0,40
4,8,6,1,1,4,0,39,1,69,172354,11,1848,0,50
2,9,2,10,0,4,1,39,2,63,379940,13,0,0,40
4,15,0,1,4,2,0,38,0,46,200734,10,0,0,35
0,11,2,0,5,4,0,39,0,19,204868,9,0,0,36
4,7,2,13,0,4,1,39,2,32,286689,12,0,0,42
4,15,2,14,0,4,1,39,0,34,34848,10,4064,0,40
4,9,4,12,1,4,0,39,1,30,99928,13,0,0,40
4,8,4,13,1,4,0,39,0,38,203761,11,2354,0,40
4,1,4,8,3,4,1,39,0,18,395026,7,0,0,12
4,11,2,3,0,4,1,39,1,33,198613,9,0,0,40
4,9,4,1,3,1,0,37,0,26,165235,13,0,0,40
7,12,5,3,1,4,1,39,3,30,352045,14,99999,0,40
4,11,2,12,5,4,0,39,1,46,200569,9,0,0,40
4,2,4,1,3,4,0,39,0,17,331552,8,0,0,30
4,15,4,4,1,2,1,39,1,24,275244,10,0,0,35
4,15,4,12,3,4,1,39,0,22,199698,10,0,0,15
4,11,4,8,3,4,0,26,0,24,270517,9,0,0,40
4,15,4,12,4,4,1,39,0,34,206609,10,0,0,35
7,15,2,8,0,4,1,39,0,20,334113,10,0,0,40
6,6,2,3,0,4,1,39,2,40,155106,5,0,0,40
0,11,4,0,3,4,1,39,0,30,361817,9,0,0,25
1,10,2,10,0,4,1,0,2,37,129573,16,0,0,72
4,1,0,12,3,4,1,39,0,30,30226,7,0,0,40
4,9,5,8,4,2,0,39,0,36,119957,13,0,0,35
4,0,5,8,4,4,0,39,0,33,207267,6,3418,0,35
4,1,4,14,1,4,0,39,1,26,142152,7,0,0,35
4,4,2,7,0,4,1,39,1,32,303942,3,0,0,48
4,12,2,10,0,4,1,39,1,51,50459,14,0,1740,40
4,5,2,7,0,4,1,39,0,31,259931,4,0,0,40
4,15,4,12,3,4,0,39,1,22,333910,10,0,0,22
4,15,2,7,0,4,1,39,0,44,261899,10,0,0,44
4,14,2,10,5,1,0,39,2,32,167531,15,15024,0,50
4,11,2,1,5,4,0,39,0,37,126708,9,0,0,60
4,11,2,3,0,1,1,40,0,45,160724,9,0,0,40
0,12,0,0,3,4,0,39,0,40,65545,14,0,0,55
7,11,0,8,3,2,1,39,0,58,280519,9,0,0,40
4,9,2,10,5,4,0,39,3,30,385177,13,0,0,24
4,11,0,14,1,4,1,39,0,37,138441,9,0,0,40
4,9,2,10,5,2,0,5,0,28,338409,13,0,0,40
4,15,4,1,1,4,1,39,1,25,75759,10,3325,0,40
4,3,6,7,4,4,1,26,1,47,219632,2,0,0,40
4,15,4,8,1,1,1,6,0,23,230315,10,0,0,40
4,15,4,14,3,4,0,39,0,20,163665,10,0,0,17
4,11,6,1,1,4,0,39,0,64,210082,9,0,0,40
4,15,5,12,2,2,0,39,0,44,111891,10,0,0,35
4,11,2,3,0,4,1,39,2,41,197372,9,0,0,60
7,11,4,11,3,4,1,39,0,27,192257,9,2174,0,40
4,9,2,12,0,4,1,39,3,69,164110,13,10605,0,50
6,11,4,4,3,4,1,39,1,28,180928,9,0,0,40
4,9,2,4,5,4,0,39,2,33,36539,13,0,0,40
1,11,0,1,4,2,0,0,0,46,233555,9,0,0,40
4,11,2,7,0,4,1,39,0,27,200733,9,0,0,55
4,11,0,8,3,4,1,39,0,32,107793,9,2174,0,40
0,1,4,0,1,3,0,39,0,17,213055,7,0,0,20
4,11,2,4,0,4,1,39,3,42,171615,9,0,0,55
4,15,2,4,0,4,1,39,2,33,205469,10,0,0,40
4,9,2,4,0,4,1,39,3,49,219611,13,0,0,75
6,12,2,10,0,4,1,0,2,76,33213,14,0,0,30
2,8,2,1,0,4,1,39,1,52,72036,11,0,0,25
4,11,4,1,3,2,0,39,1,18,109928,9,0,0,40
4,15,2,3,0,4,1,39,3,30,30101,10,0,0,40
6,0,2,4,0,4,1,39,0,52,173839,6,0,0,60
0,4,4,0,4,4,0,26,0,32,251612,3,0,0,45
4,15,4,3,2,1,0,1,0,25,228608,10,0,0,40
6,15,2,5,0,4,1,39,1,42,40024,10,0,0,66
4,15,4,13,1,4,1,39,1,22,263398,10,0,0,50
4,11,2,7,0,4,1,39,1,38,48093,9,0,0,40
4,15,2,12,3,4,0,39,0,23,80680,10,0,0,16
4,15,2,1,0,4,1,39,0,37,468713,10,0,0,40
4,7,2,13,0,4,1,39,2,54,96062,12,0,0,40
2,12,4,10,1,4,0,39,3,46,301124,14,0,1564,45
6,11,2,5,0,4,1,39,0,79,103684,9,0,0,40
4,15,2,12,0,4,1,39,0,25,120238,10,2885,0,43
4,14,2,10,0,4,1,39,2,49,81654,15,0,0,60
4,15,2,10,0,4,1,39,0,41,103980,10,0,0,52
4,11,5,1,1,4,0,39,0,30,159442,9,0,0,40
4,11,4,1,3,4,1,39,1,26,427744,9,0,0,40
4,11,2,3,0,4,1,39,3,46,141058,9,7298,0,40
6,9,4,10,1,4,0,39,2,34,182714,13,0,0,55
4,11,2,7,0,4,1,39,0,56,124771,9,0,0,40
4,15,2,10,0,4,1,39,3,43,177905,10,0,0,40
4,11,2,1,0,4,1,39,3,64,104973,9,0,0,45
4,9,2,4,5,4,0,39,3,36,275338,13,0,0,40
4,15,2,10,0,4,1,39,2,51,146813,10,0,0,40
4,9,2,10,0,4,1,39,2,34,97723,13,0,0,40
4,5,2,8,0,2,1,39,0,56,104945,4,0,0,40
4,9,2,10,0,4,1,39,2,41,203761,13,0,0,40
4,1,0,1,4,4,0,39,0,45,97176,7,0,0,16
4,9,2,12,0,4,1,39,0,63,275034,13,0,1740,35
1,15,2,13,0,4,1,39,2,49,110373,10,0,0,40
6,7,2,12,0,4,1,39,0,29,179008,12,0,0,50
4,15,0,7,1,4,0,39,0,42,66118,10,0,0,40
4,9,2,1,0,4,1,39,0,45,199832,13,0,0,15
4,15,4,1,3,4,1,39,0,20,140001,10,0,0,40
4,15,2,14,0,4,1,39,0,27,85251,10,0,0,45
4,11,2,6,0,4,1,39,0,26,199143,9,0,0,50
4,9,4,1,3,4,0,39,0,22,122272,13,0,0,35
4,11,4,8,2,4,0,39,1,23,133712,9,0,0,45
6,8,2,5,0,4,1,39,0,29,404998,11,0,0,90
5,3,2,12,0,4,1,39,0,64,307786,2,0,0,20
2,11,4,7,3,4,1,39,0,31,80058,9,0,0,64
4,4,4,7,2,4,1,13,1,33,180656,3,0,0,40
4,11,4,3,1,4,0,39,0,31,182896,9,0,0,40
4,11,2,1,0,4,1,39,0,52,29658,9,0,0,40
4,11,2,14,0,4,1,39,2,59,175942,9,0,0,45
2,15,2,14,0,2,1,39,0,52,278522,10,0,0,40
4,11,4,6,1,2,1,39,0,29,142760,9,0,0,40
4,11,4,1,3,4,0,39,1,19,188618,9,0,0,24
4,7,4,10,1,4,0,39,1,30,142921,12,0,0,40
4,15,4,8,3,4,0,39,0,23,95989,10,0,0,30
0,11,6,0,1,4,1,39,0,67,102693,9,1086,0,35
2,9,2,10,5,4,0,39,2,39,113253,13,0,0,50
4,12,2,10,5,4,0,39,3,37,183739,14,0,0,8
4,1,2,14,0,2,1,39,1,51,256051,7,0,1628,40
6,11,5,4,2,4,1,39,0,40,188436,9,0,0,40
4,11,4,12,1,1,0,39,0,19,227491,9,0,0,40
4,4,4,8,2,4,1,26,0,20,528616,3,0,0,40
4,11,0,13,3,1,0,39,0,28,82488,9,0,0,40
4,11,4,8,3,4,0,39,0,26,104045,9,0,0,30
5,12,2,4,0,4,1,39,2,52,89041,14,15024,0,60
4,11,4,12,4,4,0,39,0,42,248356,9,0,0,40
4,7,2,10,0,4,1,39,0,48,101299,12,0,0,45
4,11,2,3,0,4,1,39,0,29,232666,9,0,0,40
