workclass,education,marital-status,occupation,relationship,race,sex,native-country,income,age,fnlwgt,education-num,capital-gain,capital-loss,hours-per-week
4.0,6.0,4.0,10.0,3.0,4.0,0.0,39.0,0.0,27.153637,133277.55,7.0,0.0,0.0,34.618576
4.0,0.0,0.0,14.0,3.0,4.0,1.0,39.0,1.0,48.98673,134148.81,6.0,0.0,0.0,40.0
4.0,6.0,4.0,10.0,3.0,4.0,1.0,39.0,0.0,32.020184,133679.36,7.0,0.0,0.0,37.378746
4.0,0.0,0.0,14.0,4.0,4.0,1.0,39.0,1.0,51.999996,134189.98,6.0,0.0,0.0,39.999996
4.0,6.0,4.0,10.0,3.0,4.0,0.0,39.0,1.0,26.992191,133019.16,7.0,0.0,0.0,35.063557
4.0,4.0,4.0,7.0,3.0,4.0,1.0,39.0,1.0,29.593893,180083.52,8.0,0.0,0.0,39.60721
4.0,11.0,4.0,4.0,3.0,4.0,0.0,39.0,0.0,42.21571,180684.84,9.0,0.0,0.0,40.0
4.0,11.0,4.0,7.0,3.0,4.0,0.0,39.0,1.0,31.091423,180543.1,8.0,0.0,0.0,39.868057
4.0,11.0,4.0,1.0,3.0,4.0,0.0,39.0,0.0,49.999996,180606.98,9.0,0.0,0.0,39.999996
4.0,4.0,4.0,7.0,3.0,4.0,0.0,39.0,0.0,33.46072,179603.27,8.0,0.0,0.0,39.380608
4.0,4.0,4.0,5.0,2.0,4.0,1.0,39.0,0.0,29.363327,178801.19,8.0,0.0,0.0,36.6815
0.0,0.0,2.0,0.0,5.0,4.0,0.0,13.0,0.0,41.224556,177830.7,6.0,0.0,0.0,24.519909
4.0,4.0,2.0,5.0,2.0,4.0,0.0,39.0,0.0,30.672188,178369.62,8.0,0.0,0.0,34.592186
0.0,0.0,2.0,0.0,5.0,4.0,0.0,5.0,0.0,46.999996,178012.98,6.0,0.0,0.0,19.999998
4.0,4.0,4.0,5.0,2.0,4.0,1.0,13.0,0.0,29.184586,179083.12,8.0,0.0,0.0,36.17885
4.0,15.0,2.0,10.0,0.0,4.0,1.0,39.0,0.0,39.629322,107087.3,10.0,0.0,0.0,41.902332
4.0,15.0,2.0,3.0,0.0,4.0,1.0,39.0,0.0,34.022125,109345.516,10.0,0.0,0.0,36.25553
4.0,15.0,2.0,10.0,0.0,4.0,1.0,39.0,0.0,38.4782,107864.984,10.0,0.0,0.0,40.67414
6.0,15.0,2.0,3.0,0.0,4.0,1.0,39.0,0.0,28.999998,109000.99,10.0,0.0,0.0,34.999996
4.0,15.0,2.0,3.0,0.0,4.0,1.0,39.0,0.0,40.255783,105643.85,10.0,0.0,0.0,45.03568
1.0,8.0,4.0,8.0,3.0,4.0,1.0,39.0,1.0,33.91246,113485.586,9.0,0.0,0.0,26.517303
4.0,8.0,4.0,8.0,4.0,4.0,0.0,39.0,1.0,29.73562,112822.28,11.0,0.0,0.0,17.533184
1.0,11.0,4.0,1.0,3.0,4.0,0.0,39.0,1.0,28.77346,113433.34,9.0,0.0,0.0,25.447702
4.0,8.0,4.0,8.0,4.0,4.0,0.0,39.0,1.0,32.999996,112304.99,11.0,0.0,0.0,9.999999
1.0,8.0,4.0,8.0,3.0,4.0,0.0,39.0,1.0,37.469246,113448.2,9.0,0.0,0.0,19.29085
4.0,11.0,0.0,6.0,3.0,4.0,1.0,39.0,0.0,35.353935,289323.9,9.0,0.0,385.56638,53.486713
4.0,11.0,4.0,8.0,2.0,4.0,1.0,39.0,0.0,21.748894,289587.2,9.0,0.0,0.0,38.74447
4.0,11.0,0.0,6.0,3.0,4.0,1.0,39.0,0.0,32.18084,289001.66,9.0,0.0,398.06052,52.11389
4.0,11.0,4.0,8.0,2.0,4.0,1.0,39.0,0.0,21.999998,290503.97,9.0,0.0,0.0,39.999996
4.0,11.0,0.0,6.0,3.0,4.0,1.0,39.0,0.0,39.19602,290186.3,9.0,0.0,0.0,49.984947
4.0,11.0,2.0,12.0,0.0,4.0,1.0,39.0,1.0,38.68803,171604.94,9.0,0.0,373.54413,45.84204
4.0,11.0,2.0,14.0,0.0,4.0,1.0,39.0,1.0,50.713497,174381.38,9.0,0.0,0.0,43.74447
4.0,11.0,2.0,12.0,0.0,4.0,1.0,39.0,1.0,40.295597,171646.12,9.0,0.0,125.47886,45.927795
4.0,11.0,2.0,14.0,0.0,4.0,1.0,39.0,2.0,58.999996,175941.98,9.0,0.0,0.0,44.999996
4.0,11.0,2.0,12.0,0.0,4.0,1.0,39.0,1.0,41.84133,172327.56,9.0,0.0,589.03986,44.949265
5.0,12.0,4.0,7.0,2.0,4.0,0.0,34.0,0.0,35.058834,228603.84,13.0,0.0,0.0,38.16574
4.0,12.0,4.0,4.0,2.0,2.0,0.0,1.0,0.0,34.03982,228262.47,10.0,0.0,0.0,37.488937
5.0,12.0,4.0,7.0,2.0,4.0,0.0,34.0,0.0,37.149696,228598.6,13.0,0.0,0.0,37.273376
4.0,15.0,4.0,3.0,2.0,1.0,0.0,1.0,0.0,24.999998,228607.98,10.0,0.0,0.0,39.999996
5.0,15.0,4.0,4.0,2.0,4.0,0.0,34.0,0.0,28.476053,229150.36,13.0,0.0,0.0,39.999996
4.0,15.0,4.0,8.0,3.0,4.0,1.0,39.0,0.0,36.57598,114342.86,10.0,0.0,0.0,40.74067
1.0,15.0,4.0,3.0,3.0,4.0,1.0,39.0,0.0,51.484516,113504.72,10.0,0.0,0.0,40.0
4.0,15.0,4.0,8.0,3.0,4.0,1.0,39.0,0.0,40.309875,114277.086,10.0,0.0,0.0,41.10026
1.0,15.0,4.0,1.0,4.0,4.0,1.0,39.0,0.0,54.999996,113397.99,10.0,0.0,0.0,39.999996
4.0,15.0,4.0,8.0,4.0,4.0,1.0,39.0,0.0,35.724197,114316.9,10.0,0.0,0.0,40.947758
4.0,11.0,2.0,7.0,0.0,4.0,1.0,39.0,1.0,38.588158,185151.8,9.0,0.0,599.4816,50.355656
4.0,11.0,2.0,7.0,0.0,4.0,1.0,39.0,1.0,37.0177,184936.16,9.0,0.0,0.0,40.0
4.0,11.0,2.0,7.0,0.0,4.0,1.0,39.0,1.0,39.343216,185161.64,9.0,0.0,497.6824,46.03025
4.0,11.0,2.0,7.0,0.0,4.0,1.0,39.0,2.0,32.999996,184900.98,9.0,0.0,0.0,39.999996
4.0,11.0,2.0,7.0,0.0,4.0,1.0,39.0,1.0,36.42532,184839.5,9.0,0.0,868.6906,53.284824
4.0,6.0,4.0,7.0,3.0,4.0,1.0,39.0,0.0,22.815338,142516.66,7.0,0.0,0.0,37.904495
4.0,6.0,4.0,8.0,3.0,2.0,1.0,39.0,0.0,19.259956,143437.1,6.0,0.0,0.0,38.74447
4.0,6.0,4.0,8.0,3.0,4.0,1.0,39.0,0.0,23.131496,142550.6,7.0,0.0,0.0,38.240856
4.0,6.0,4.0,8.0,3.0,2.0,1.0,39.0,0.0,16.999998,143867.98,5.0,0.0,0.0,39.999996
4.0,6.0,4.0,6.0,3.0,4.0,1.0,39.0,0.0,20.115627,142627.3,7.0,0.0,0.0,38.141827
4.0,15.0,4.0,1.0,3.0,4.0,1.0,39.0,0.0,29.591654,140455.55,10.0,0.0,0.0,38.292442
4.0,15.0,6.0,4.0,1.0,4.0,0.0,39.0,1.0,50.96018,140386.69,10.0,0.0,0.0,40.0
4.0,15.0,4.0,1.0,3.0,4.0,1.0,39.0,0.0,30.8567,140060.03,10.0,0.0,0.0,38.23711
4.0,15.0,6.0,4.0,1.0,4.0,0.0,39.0,1.0,59.999996,140515.98,10.0,0.0,0.0,39.999996
4.0,15.0,4.0,4.0,1.0,4.0,0.0,39.0,0.0,34.45559,141134.08,10.0,0.0,0.0,39.999996
4.0,7.0,2.0,12.0,2.0,4.0,1.0,39.0,1.0,41.027782,155116.38,9.0,1191.4874,358.4217,39.23672
4.0,1.0,2.0,6.0,3.0,1.0,0.0,30.0,0.0,30.004425,157418.23,9.0,2118.6206,0.0,20.528759
4.0,7.0,2.0,12.0,2.0,4.0,1.0,39.0,1.0,33.476345,156422.94,9.0,1305.9241,120.39901,35.484364
4.0,1.0,2.0,6.0,5.0,1.0,0.0,30.0,0.0,28.999998,157307.98,7.0,2828.9998,0.0,13.999999
4.0,7.0,2.0,12.0,2.0,4.0,1.0,39.0,1.0,47.392143,153222.73,9.0,1837.0474,565.19336,38.12945
4.0,9.0,2.0,5.0,0.0,4.0,1.0,39.0,1.0,43.99128,105475.36,13.0,0.0,0.0,46.440094
6.0,9.0,2.0,5.0,0.0,4.0,1.0,39.0,0.0,46.24668,108787.95,13.0,0.0,0.0,52.511063
4.0,9.0,2.0,5.0,0.0,4.0,1.0,39.0,1.0,43.845257,106126.18,13.0,0.0,0.0,48.873894
6.0,9.0,2.0,4.0,0.0,4.0,1.0,39.0,0.0,46.999996,109420.99,13.0,0.0,0.0,49.999996
4.0,9.0,2.0,4.0,0.0,4.0,1.0,39.0,2.0,47.568653,105676.22,13.0,0.0,0.0,44.40681
4.0,15.0,2.0,3.0,5.0,4.0,0.0,39.0,0.0,38.423317,258280.23,10.0,0.0,0.0,48.518654
5.0,11.0,4.0,5.0,1.0,4.0,1.0,39.0,0.0,34.73562,258769.19,9.0,0.0,0.0,50.0
5.0,11.0,2.0,4.0,1.0,4.0,1.0,39.0,0.0,37.271797,258764.64,9.0,0.0,0.0,47.799477
5.0,11.0,4.0,5.0,1.0,4.0,1.0,39.0,0.0,37.999996,257249.98,9.0,0.0,0.0,49.999996
4.0,15.0,2.0,3.0,5.0,4.0,0.0,39.0,0.0,41.943245,256792.27,10.0,0.0,0.0,48.104473
4.0,11.0,3.0,8.0,3.0,1.0,1.0,39.0,1.0,33.17739,67908.555,9.0,0.0,0.0,33.905945
4.0,11.0,4.0,8.0,3.0,2.0,1.0,39.0,0.0,22.995577,68415.695,9.0,0.0,0.0,35.9823
4.0,11.0,3.0,8.0,3.0,1.0,1.0,39.0,0.0,30.852716,68397.18,9.0,0.0,0.0,33.74366
4.0,11.0,4.0,8.0,3.0,2.0,1.0,39.0,0.0,23.999998,67803.99,9.0,0.0,0.0,39.999996
4.0,11.0,4.0,8.0,3.0,1.0,1.0,39.0,0.0,37.719963,67400.06,9.0,0.0,0.0,36.90305
2.0,12.0,2.0,3.0,1.0,4.0,1.0,39.0,1.0,47.097233,185189.94,11.0,0.0,0.0,41.71302
4.0,12.0,2.0,12.0,1.0,4.0,1.0,39.0,3.0,39.00885,186596.0,14.0,0.0,0.0,47.48894
2.0,9.0,2.0,10.0,1.0,4.0,1.0,39.0,1.0,46.421253,185379.06,13.0,0.0,0.0,44.170586
4.0,12.0,2.0,12.0,0.0,4.0,1.0,39.0,3.0,36.999996,186933.98,14.0,0.0,0.0,49.999996
2.0,12.0,2.0,3.0,1.0,4.0,1.0,39.0,1.0,48.293137,185445.73,11.0,0.0,0.0,41.25913
4.0,10.0,2.0,1.0,0.0,4.0,1.0,39.0,1.0,44.976562,56639.254,14.0,0.0,297.11493,36.464752
5.0,10.0,5.0,10.0,1.0,4.0,1.0,39.0,0.0,44.995575,62144.984,16.0,0.0,0.0,37.511063
5.0,10.0,4.0,10.0,0.0,4.0,1.0,39.0,1.0,42.51171,57779.848,14.0,0.0,306.74283,39.048607
5.0,10.0,5.0,10.0,1.0,4.0,1.0,39.0,0.0,45.999996,62545.996,16.0,0.0,0.0,34.999996
4.0,10.0,2.0,1.0,0.0,4.0,1.0,39.0,1.0,44.94547,57208.727,14.0,0.0,0.0,32.85081
4.0,11.0,2.0,4.0,3.0,4.0,0.0,39.0,0.0,41.99638,184565.94,10.0,0.0,322.216,34.31945
4.0,11.0,0.0,12.0,1.0,4.0,1.0,39.0,0.0,47.731197,186231.31,9.0,0.0,0.0,41.25553
4.0,11.0,2.0,12.0,1.0,4.0,1.0,39.0,0.0,42.586727,185099.97,10.0,0.0,332.6573,35.400635
4.0,11.0,0.0,12.0,1.0,4.0,1.0,39.0,0.0,51.999996,186271.98,9.0,0.0,0.0,39.999996
4.0,11.0,2.0,4.0,3.0,4.0,0.0,39.0,0.0,45.357582,184364.23,9.0,0.0,0.0,30.56503
4.0,9.0,4.0,4.0,1.0,4.0,0.0,39.0,0.0,28.777077,159312.52,12.0,800.332,0.0,35.306282
4.0,15.0,4.0,4.0,1.0,4.0,0.0,21.0,2.0,40.96903,159881.62,10.0,0.0,0.0,36.233406
4.0,9.0,4.0,8.0,1.0,4.0,0.0,39.0,0.0,30.508465,159139.78,12.0,826.2664,0.0,32.96004
4.0,15.0,4.0,4.0,1.0,4.0,0.0,21.0,2.0,47.999996,160646.98,10.0,0.0,0.0,39.999996
4.0,9.0,4.0,8.0,1.0,4.0,0.0,39.0,0.0,27.82717,159531.77,10.0,0.0,0.0,38.72386
2.0,15.0,2.0,11.0,0.0,4.0,1.0,39.0,1.0,39.194798,326262.7,10.0,0.0,0.0,41.52459
7.0,15.0,2.0,8.0,0.0,4.0,1.0,39.0,1.0,26.277653,334094.4,10.0,0.0,0.0,40.0
4.0,15.0,2.0,11.0,0.0,4.0,1.0,39.0,1.0,35.927174,327922.06,10.0,0.0,0.0,37.61992
7.0,15.0,2.0,8.0,0.0,4.0,1.0,39.0,0.0,19.999998,334112.97,10.0,0.0,0.0,39.999996
4.0,15.0,2.0,14.0,0.0,4.0,1.0,39.0,1.0,39.32653,327378.0,10.0,0.0,0.0,45.53715
4.0,5.0,4.0,3.0,3.0,4.0,1.0,39.0,0.0,40.605114,26223.117,7.0,0.0,0.0,45.40925
4.0,5.0,0.0,12.0,3.0,4.0,1.0,39.0,0.0,32.76217,29314.988,7.0,0.0,0.0,40.0
4.0,5.0,0.0,5.0,3.0,4.0,1.0,39.0,0.0,36.93809,26441.188,7.0,0.0,0.0,43.519966
4.0,1.0,0.0,12.0,3.0,4.0,1.0,39.0,0.0,29.999998,30225.998,7.0,0.0,0.0,39.999996
6.0,1.0,4.0,5.0,3.0,4.0,1.0,39.0,0.0,41.837814,27723.41,6.0,0.0,0.0,48.08942
4.0,11.0,2.0,7.0,0.0,4.0,1.0,39.0,1.0,35.026646,401489.8,9.0,0.0,1020.7257,42.16091
4.0,11.0,2.0,3.0,0.0,4.0,1.0,39.0,1.0,41.51991,411279.47,9.0,0.0,0.0,51.982304
4.0,11.0,2.0,3.0,0.0,4.0,1.0,39.0,1.0,37.70327,403378.2,9.0,0.0,664.2172,41.644035
4.0,11.0,2.0,3.0,0.0,4.0,1.0,39.0,1.0,36.999996,410033.97,9.0,0.0,0.0,55.999996
4.0,11.0,2.0,7.0,0.0,4.0,1.0,39.0,2.0,31.457544,397089.2,9.0,0.0,1526.4744,44.258347
4.0,11.0,0.0,7.0,4.0,2.0,0.0,39.0,1.0,36.102116,262356.12,9.0,0.0,0.0,47.196896
4.0,11.0,0.0,1.0,4.0,4.0,0.0,39.0,0.0,52.228985,264323.78,9.0,0.0,0.0,44.00885
4.0,11.0,0.0,5.0,4.0,4.0,0.0,39.0,0.0,38.58833,262108.64,9.0,0.0,0.0,47.747864
4.0,11.0,0.0,1.0,4.0,4.0,0.0,39.0,0.0,56.999996,266188.97,9.0,0.0,0.0,41.999996
4.0,11.0,0.0,7.0,4.0,2.0,0.0,39.0,1.0,39.083122,263299.34,9.0,0.0,0.0,45.374588
2.0,12.0,2.0,3.0,1.0,4.0,1.0,39.0,1.0,46.57153,185262.0,13.0,0.0,0.0,43.011135
2.0,9.0,0.0,10.0,3.0,4.0,0.0,39.0,1.0,42.99115,185926.0,13.0,0.0,0.0,42.511063
2.0,12.0,2.0,10.0,1.0,4.0,1.0,39.0,1.0,45.391106,185622.9,13.0,0.0,0.0,42.700348
2.0,9.0,0.0,10.0,4.0,4.0,0.0,39.0,1.0,44.999996,185587.98,13.0,0.0,0.0,39.999996
2.0,9.0,0.0,3.0,1.0,4.0,1.0,39.0,1.0,51.06038,184782.25,13.0,0.0,0.0,45.542454
4.0,11.0,2.0,4.0,0.0,4.0,1.0,39.0,2.0,43.452988,156149.08,9.0,2316.3096,0.0,49.507854
4.0,11.0,2.0,4.0,0.0,4.0,1.0,39.0,2.0,46.493366,155741.34,9.0,5757.496,0.0,62.466816
4.0,11.0,2.0,4.0,0.0,4.0,1.0,39.0,2.0,43.83052,156015.61,9.0,2037.5068,0.0,50.486927
4.0,11.0,2.0,3.0,0.0,4.0,1.0,39.0,2.0,47.999996,155663.98,9.0,7687.9995,0.0,69.99999
4.0,11.0,2.0,3.0,0.0,4.0,1.0,39.0,2.0,46.021687,156710.45,9.0,3849.7852,0.0,50.377148
4.0,9.0,2.0,10.0,0.0,4.0,1.0,39.0,2.0,47.999092,581741.9,13.0,2514.3777,0.0,46.430107
4.0,9.0,2.0,10.0,0.0,4.0,1.0,39.0,2.0,51.98673,516890.56,13.0,0.0,0.0,56.233406
4.0,9.0,2.0,10.0,0.0,4.0,1.0,39.0,2.0,49.926487,593153.2,13.0,2087.4058,0.0,48.870136
4.0,9.0,2.0,10.0,0.0,4.0,1.0,39.0,2.0,54.999996,463071.97,13.0,0.0,0.0,59.999996
1.0,9.0,2.0,4.0,0.0,4.0,1.0,39.0,2.0,45.81061,528565.9,13.0,3643.508,0.0,43.821148
4.0,2.0,4.0,12.0,3.0,4.0,0.0,39.0,0.0,28.943249,400550.3,7.0,0.0,0.0,23.788055
4.0,1.0,4.0,8.0,3.0,4.0,1.0,39.0,0.0,19.004425,398592.7,7.0,0.0,0.0,19.030972
4.0,2.0,4.0,12.0,3.0,4.0,1.0,39.0,0.0,22.58775,400068.56,7.0,0.0,0.0,22.73676
4.0,1.0,4.0,8.0,3.0,4.0,1.0,39.0,0.0,17.999998,395025.97,7.0,0.0,0.0,11.999999
4.0,2.0,4.0,8.0,3.0,4.0,0.0,39.0,0.0,33.60489,401308.34,7.0,0.0,0.0,21.54981
4.0,11.0,4.0,3.0,2.0,2.0,0.0,26.0,1.0,43.551655,216732.33,9.0,0.0,0.0,39.6223
4.0,3.0,6.0,7.0,4.0,4.0,1.0,26.0,1.0,45.242256,218589.16,2.0,0.0,0.0,40.0
4.0,11.0,4.0,3.0,2.0,2.0,0.0,26.0,1.0,42.185684,216801.89,9.0,0.0,0.0,39.53529
4.0,3.0,6.0,7.0,4.0,4.0,1.0,26.0,1.0,46.999996,219631.98,2.0,0.0,0.0,39.999996
4.0,11.0,6.0,3.0,2.0,4.0,0.0,39.0,1.0,45.104473,217282.31,9.0,0.0,0.0,41.876842
4.0,5.0,4.0,8.0,4.0,4.0,0.0,39.0,1.0,34.329945,417014.5,6.0,0.0,0.0,34.596878
4.0,11.0,4.0,1.0,1.0,4.0,1.0,39.0,1.0,29.00885,418258.28,9.0,0.0,0.0,43.242256
4.0,5.0,0.0,8.0,3.0,4.0,0.0,39.0,1.0,29.83964,418288.12,9.0,0.0,0.0,36.02763
4.0,11.0,4.0,1.0,1.0,4.0,1.0,39.0,1.0,26.999998,420350.97,9.0,0.0,0.0,44.999996
4.0,11.0,4.0,8.0,3.0,4.0,0.0,39.0,1.0,36.82215,415525.75,6.0,0.0,0.0,32.847183
2.0,11.0,4.0,1.0,3.0,2.0,0.0,39.0,0.0,38.019535,234611.44,9.0,0.0,0.0,35.731106
4.0,11.0,4.0,1.0,1.0,4.0,0.0,39.0,1.0,31.497787,235425.64,9.0,0.0,0.0,40.0
2.0,11.0,4.0,1.0,3.0,4.0,0.0,39.0,0.0,34.200096,234540.1,9.0,0.0,0.0,35.592777
4.0,11.0,4.0,1.0,1.0,4.0,0.0,39.0,1.0,31.999998,236414.98,9.0,0.0,0.0,39.999996
2.0,11.0,0.0,1.0,3.0,4.0,0.0,39.0,1.0,45.49306,234724.52,9.0,0.0,0.0,39.999996
4.0,9.0,2.0,8.0,0.0,4.0,1.0,39.0,1.0,45.507534,113682.766,13.0,21407.105,0.0,54.896454
4.0,9.0,2.0,8.0,0.0,4.0,1.0,22.0,2.0,47.01327,117660.22,13.0,15024.0,0.0,50.0
4.0,9.0,2.0,8.0,0.0,4.0,1.0,39.0,2.0,46.34434,112910.54,13.0,24715.762,0.0,55.726303
4.0,9.0,2.0,10.0,0.0,4.0,1.0,22.0,2.0,43.999996,120276.99,13.0,15023.999,0.0,49.999996
4.0,9.0,2.0,10.0,0.0,4.0,1.0,39.0,1.0,46.18654,118432.33,13.0,2870.4482,0.0,51.895523
4.0,11.0,2.0,3.0,0.0,4.0,1.0,39.0,1.0,40.949528,392298.38,9.0,0.0,511.66052,47.52478
4.0,11.0,2.0,7.0,0.0,4.0,1.0,39.0,2.0,28.764294,389236.4,9.0,0.0,1442.2253,32.357044
4.0,11.0,2.0,3.0,0.0,4.0,1.0,39.0,1.0,37.143005,393503.38,9.0,0.0,733.53674,44.44356
4.0,11.0,2.0,7.0,0.0,4.0,1.0,39.0,2.0,28.999998,383744.97,9.0,0.0,1886.9999,29.999998
4.0,11.0,2.0,3.0,0.0,4.0,1.0,39.0,1.0,45.19051,387463.8,9.0,0.0,302.46335,47.843956
4.0,11.0,2.0,4.0,1.0,4.0,1.0,39.0,0.0,43.971375,115593.96,10.0,635.0844,0.0,38.167316
1.0,11.0,4.0,1.0,3.0,2.0,1.0,39.0,0.0,20.885635,114550.92,9.0,0.0,0.0,19.428185
4.0,11.0,2.0,4.0,3.0,4.0,1.0,39.0,0.0,36.07341,115531.22,10.0,139.62723,0.0,36.767902
0.0,11.0,4.0,0.0,3.0,2.0,1.0,39.0,0.0,18.999998,113914.99,9.0,0.0,0.0,9.999999
1.0,7.0,2.0,1.0,0.0,4.0,1.0,39.0,0.0,51.64392,115673.414,12.0,1302.4827,0.0,35.191357
4.0,12.0,4.0,8.0,1.0,4.0,1.0,39.0,0.0,29.104965,263907.6,11.0,0.0,0.0,37.91565
4.0,15.0,4.0,8.0,3.0,4.0,0.0,39.0,0.0,28.11436,269121.03,10.0,0.0,0.0,42.357044
4.0,15.0,4.0,8.0,1.0,4.0,1.0,39.0,1.0,29.385338,264793.25,11.0,0.0,0.0,41.181736
4.0,15.0,4.0,8.0,3.0,4.0,0.0,39.0,0.0,29.999998,270885.97,10.0,0.0,0.0,39.999996
4.0,12.0,4.0,8.0,3.0,4.0,0.0,39.0,0.0,27.323437,263457.9,10.0,0.0,0.0,32.02289
4.0,15.0,4.0,7.0,2.0,2.0,0.0,39.0,0.0,34.39894,227758.38,10.0,0.0,0.0,38.496994
4.0,15.0,4.0,4.0,2.0,1.0,0.0,6.0,0.0,26.649931,228386.66,10.0,0.0,0.0,40.0
4.0,15.0,4.0,7.0,2.0,2.0,0.0,39.0,0.0,35.82571,227586.2,10.0,0.0,0.0,38.16814
4.0,15.0,4.0,3.0,2.0,1.0,0.0,1.0,0.0,24.999998,228607.98,10.0,0.0,0.0,39.999996
4.0,15.0,4.0,4.0,2.0,2.0,0.0,6.0,0.0,28.306267,228203.66,10.0,0.0,0.0,39.999996
4.0,11.0,2.0,5.0,0.0,4.0,1.0,39.0,1.0,50.28906,105321.59,9.0,650.05493,0.0,47.990513
4.0,5.0,2.0,8.0,0.0,2.0,1.0,39.0,0.0,57.17852,105271.45,4.0,0.0,0.0,40.0
4.0,11.0,2.0,5.0,0.0,4.0,1.0,39.0,1.0,54.654408,105373.37,9.0,142.9186,0.0,43.49255
4.0,5.0,2.0,8.0,0.0,2.0,1.0,39.0,0.0,55.999996,104944.99,4.0,0.0,0.0,39.999996
4.0,11.0,2.0,5.0,0.0,4.0,1.0,39.0,0.0,43.71917,105214.69,9.0,1333.1855,0.0,53.40941
4.0,15.0,2.0,7.0,0.0,4.0,1.0,39.0,2.0,48.02885,257196.77,10.0,0.0,223.19627,37.482426
2.0,15.0,2.0,11.0,0.0,4.0,1.0,39.0,2.0,27.185501,252596.0,10.0,0.0,0.0,40.942818
4.0,15.0,2.0,7.0,0.0,4.0,1.0,39.0,2.0,41.557655,256223.48,10.0,0.0,272.03128,42.714664
2.0,15.0,2.0,11.0,0.0,4.0,1.0,39.0,3.0,21.999998,249726.98,10.0,0.0,0.0,39.999996
5.0,15.0,2.0,5.0,0.0,4.0,1.0,39.0,2.0,54.460205,257827.94,10.0,0.0,0.0,28.74229
4.0,11.0,4.0,8.0,3.0,2.0,1.0,39.0,0.0,27.65141,67751.31,9.0,0.0,0.0,43.50015
4.0,11.0,4.0,8.0,3.0,2.0,1.0,39.0,0.0,29.892614,67966.4,9.0,0.0,0.0,40.0
4.0,11.0,4.0,8.0,3.0,2.0,1.0,39.0,0.0,31.359596,67492.55,9.0,0.0,0.0,43.208424
4.0,11.0,4.0,8.0,3.0,2.0,1.0,39.0,0.0,23.999998,67803.99,9.0,0.0,0.0,39.999996
4.0,11.0,4.0,12.0,3.0,2.0,1.0,39.0,0.0,21.638288,68350.836,9.0,0.0,0.0,44.513103
4.0,9.0,4.0,4.0,3.0,3.0,0.0,37.0,0.0,31.547344,166750.81,11.0,1271.3394,0.0,41.827984
5.0,8.0,0.0,4.0,1.0,4.0,0.0,12.0,3.0,37.892616,168848.4,11.0,8040.387,0.0,70.57181
4.0,9.0,4.0,4.0,3.0,3.0,0.0,37.0,0.0,35.266968,167131.11,11.0,2162.3406,0.0,44.55811
5.0,8.0,0.0,4.0,1.0,4.0,0.0,12.0,3.0,31.999998,169151.98,11.0,10519.999,0.0,79.99999
4.0,9.0,4.0,4.0,3.0,3.0,0.0,37.0,0.0,27.302868,166635.88,13.0,1686.2292,0.0,46.411514
4.0,12.0,2.0,4.0,3.0,4.0,0.0,39.0,0.0,39.59593,201147.2,13.0,0.0,0.0,35.436405
4.0,9.0,4.0,1.0,3.0,4.0,0.0,39.0,0.0,29.542545,202112.17,13.0,0.0,0.0,40.47141
4.0,12.0,2.0,4.0,3.0,4.0,0.0,39.0,0.0,38.725296,201351.08,13.0,0.0,0.0,35.516785
4.0,9.0,4.0,1.0,3.0,4.0,0.0,39.0,0.0,21.999998,202415.98,13.0,0.0,0.0,39.999996
4.0,14.0,2.0,4.0,3.0,4.0,0.0,39.0,0.0,39.423943,201032.25,13.0,0.0,0.0,37.50715
4.0,11.0,4.0,10.0,4.0,4.0,0.0,39.0,0.0,35.559917,192015.16,9.0,262.72736,0.0,39.414974
7.0,11.0,4.0,10.0,3.0,4.0,1.0,39.0,0.0,36.899593,192351.97,9.0,1661.5781,0.0,35.285904
4.0,11.0,4.0,10.0,4.0,4.0,0.0,39.0,0.0,39.250126,191934.19,9.0,446.85632,0.0,36.761314
7.0,11.0,4.0,11.0,3.0,4.0,1.0,39.0,0.0,26.999998,192256.98,9.0,2173.9998,0.0,39.999996
4.0,11.0,4.0,11.0,4.0,4.0,0.0,39.0,0.0,29.72914,192325.66,9.0,348.466,0.0,43.27998
4.0,6.0,0.0,8.0,3.0,4.0,0.0,38.0,0.0,41.721302,200444.89,6.0,0.0,0.0,35.37536
4.0,15.0,4.0,12.0,3.0,4.0,1.0,38.0,0.0,28.364023,199992.86,10.0,0.0,0.0,20.421206
4.0,6.0,0.0,8.0,3.0,4.0,0.0,38.0,0.0,40.540833,200352.62,6.0,0.0,0.0,34.517162
4.0,15.0,4.0,12.0,3.0,4.0,1.0,39.0,0.0,21.999998,199697.98,10.0,0.0,0.0,14.999999
4.0,15.0,0.0,8.0,3.0,4.0,0.0,39.0,0.0,39.66024,200527.06,6.0,0.0,0.0,31.794239
4.0,11.0,2.0,4.0,1.0,4.0,1.0,39.0,0.0,46.238113,115562.98,10.0,2335.3713,0.0,42.025948
4.0,11.0,4.0,7.0,3.0,4.0,1.0,39.0,1.0,23.771273,116777.67,9.0,1146.703,0.0,42.292885
4.0,11.0,2.0,4.0,1.0,4.0,1.0,39.0,0.0,43.65314,115956.81,10.0,2501.4133,0.0,40.982346
4.0,11.0,4.0,7.0,3.0,4.0,1.0,39.0,1.0,19.999998,116829.99,9.0,0.0,0.0,42.999996
4.0,11.0,2.0,7.0,3.0,4.0,1.0,39.0,0.0,44.823616,115007.484,10.0,1903.5377,0.0,43.89229
4.0,15.0,2.0,3.0,0.0,4.0,1.0,39.0,1.0,36.367672,471651.84,10.0,0.0,0.0,40.0
4.0,15.0,2.0,7.0,0.0,4.0,1.0,26.0,0.0,25.535568,489587.4,10.0,0.0,0.0,40.0
4.0,15.0,2.0,3.0,0.0,4.0,1.0,39.0,1.0,34.0262,473393.25,10.0,0.0,0.0,40.000004
4.0,15.0,2.0,7.0,0.0,4.0,1.0,26.0,0.0,21.999998,496024.97,10.0,0.0,0.0,39.999996
4.0,15.0,2.0,7.0,0.0,4.0,1.0,39.0,1.0,37.32482,478336.06,10.0,0.0,0.0,39.999996
4.0,11.0,4.0,8.0,2.0,4.0,0.0,39.0,0.0,48.681297,138798.78,9.0,719.4886,0.0,36.017406
4.0,11.0,0.0,3.0,4.0,4.0,0.0,39.0,1.0,44.693157,138801.66,9.0,0.0,0.0,40.0
4.0,11.0,4.0,8.0,2.0,4.0,0.0,39.0,1.0,46.26703,139402.58,9.0,876.91156,0.0,37.004112
4.0,11.0,0.0,3.0,4.0,4.0,0.0,39.0,1.0,51.999996,137983.98,9.0,0.0,0.0,39.999996
4.0,11.0,4.0,8.0,2.0,4.0,0.0,39.0,0.0,51.86855,137491.75,9.0,0.0,0.0,35.014305
4.0,15.0,0.0,4.0,3.0,4.0,0.0,39.0,0.0,41.56176,109218.234,11.0,0.0,0.0,38.60026
4.0,8.0,4.0,4.0,3.0,4.0,1.0,39.0,0.0,23.942818,109616.945,11.0,0.0,0.0,40.0
4.0,9.0,0.0,1.0,3.0,4.0,0.0,39.0,0.0,36.653576,109411.74,11.0,0.0,0.0,38.997948
4.0,8.0,4.0,4.0,3.0,4.0,1.0,39.0,0.0,22.999998,109306.99,11.0,0.0,0.0,39.999996
4.0,15.0,0.0,4.0,3.0,4.0,0.0,39.0,0.0,45.77707,109037.914,10.0,0.0,0.0,38.32057
4.0,11.0,4.0,4.0,1.0,4.0,0.0,39.0,0.0,33.1378,116845.52,9.0,1864.4105,0.0,41.2085
4.0,11.0,4.0,4.0,1.0,4.0,1.0,39.0,0.0,41.0,116550.37,9.0,0.0,0.0,47.642952
4.0,11.0,4.0,4.0,1.0,4.0,1.0,39.0,0.0,36.334534,116828.04,9.0,1368.3813,0.0,42.055458
4.0,15.0,4.0,4.0,1.0,4.0,1.0,39.0,0.0,40.999996,116102.99,10.0,0.0,0.0,49.999996
4.0,11.0,4.0,4.0,1.0,4.0,1.0,39.0,0.0,30.319727,116823.5,9.0,2425.5398,0.0,41.602875
4.0,15.0,2.0,7.0,0.0,4.0,1.0,39.0,2.0,38.987778,110128.04,10.0,40110.83,285.87158,44.207973
4.0,15.0,2.0,4.0,0.0,4.0,1.0,39.0,0.0,35.649933,120098.125,10.0,1720.1722,0.0,42.357044
4.0,15.0,2.0,7.0,0.0,4.0,1.0,39.0,2.0,39.126064,111623.266,10.0,30373.713,348.41986,44.450336
4.0,15.0,2.0,4.0,0.0,4.0,1.0,39.0,0.0,33.999996,122115.99,10.0,0.0,0.0,39.999996
4.0,15.0,2.0,12.0,0.0,4.0,1.0,39.0,2.0,38.906822,109541.56,10.0,50840.63,0.0,43.51627
4.0,11.0,4.0,5.0,3.0,4.0,0.0,39.0,1.0,35.54318,251747.98,9.0,0.0,0.0,42.54431
4.0,11.0,4.0,12.0,3.0,4.0,0.0,39.0,0.0,41.05718,250452.34,9.0,0.0,0.0,42.357044
4.0,11.0,4.0,5.0,3.0,4.0,0.0,39.0,0.0,34.516697,252489.5,9.0,0.0,0.0,43.8502
4.0,11.0,4.0,12.0,4.0,4.0,0.0,39.0,0.0,41.999996,248355.98,9.0,0.0,0.0,39.999996
4.0,11.0,4.0,5.0,3.0,4.0,0.0,39.0,1.0,38.48403,250105.5,9.0,0.0,0.0,39.999996
4.0,11.0,2.0,5.0,0.0,4.0,1.0,39.0,2.0,36.823807,279338.16,9.0,0.0,0.0,53.480988
4.0,11.0,2.0,6.0,0.0,2.0,1.0,39.0,2.0,31.714092,275340.28,9.0,0.0,0.0,76.464424
4.0,11.0,2.0,5.0,0.0,4.0,1.0,39.0,2.0,38.819,279580.7,9.0,0.0,0.0,58.44335
4.0,11.0,2.0,6.0,0.0,2.0,1.0,39.0,2.0,26.999998,275109.97,9.0,0.0,0.0,79.99999
4.0,11.0,2.0,5.0,0.0,4.0,1.0,39.0,2.0,31.329695,277744.53,9.0,0.0,0.0,52.079494
4.0,11.0,4.0,6.0,2.0,4.0,1.0,39.0,0.0,29.777748,289532.75,9.0,0.0,339.37857,49.367146
4.0,11.0,0.0,6.0,3.0,4.0,0.0,39.0,0.0,37.53557,290514.1,9.0,0.0,0.0,44.71409
4.0,11.0,0.0,6.0,3.0,4.0,1.0,39.0,0.0,34.367554,289882.3,9.0,0.0,413.63406,53.745876
4.0,11.0,0.0,6.0,3.0,4.0,0.0,39.0,0.0,33.999996,290762.97,9.0,0.0,0.0,39.999996
4.0,11.0,4.0,8.0,3.0,4.0,1.0,39.0,0.0,23.582314,289300.0,9.0,0.0,0.0,38.294285
4.0,11.0,2.0,7.0,0.0,4.0,1.0,39.0,0.0,41.65351,199212.56,9.0,0.0,0.0,41.073704
4.0,11.0,2.0,6.0,0.0,4.0,1.0,39.0,0.0,27.649931,199018.06,9.0,0.0,0.0,47.642952
4.0,11.0,2.0,6.0,0.0,4.0,1.0,39.0,1.0,39.11925,199001.17,9.0,0.0,0.0,41.256805
4.0,11.0,2.0,6.0,0.0,4.0,1.0,39.0,0.0,25.999998,199142.98,9.0,0.0,0.0,49.999996
4.0,11.0,2.0,7.0,0.0,4.0,1.0,39.0,0.0,43.2925,199478.0,9.0,0.0,0.0,41.73432
4.0,11.0,0.0,8.0,3.0,1.0,0.0,39.0,0.0,34.352436,163254.84,9.0,0.0,0.0,36.99399
4.0,11.0,4.0,14.0,2.0,1.0,1.0,0.0,0.0,42.656906,163471.42,9.0,0.0,0.0,40.0
4.0,11.0,0.0,8.0,2.0,1.0,0.0,39.0,0.0,38.826557,163408.88,9.0,0.0,0.0,36.33628
4.0,11.0,4.0,14.0,2.0,1.0,1.0,0.0,0.0,36.999996,163391.98,9.0,0.0,0.0,39.999996
4.0,11.0,4.0,8.0,3.0,1.0,1.0,39.0,0.0,29.731153,163082.12,9.0,0.0,0.0,39.999996
4.0,15.0,0.0,8.0,3.0,4.0,0.0,39.0,0.0,41.829067,199672.72,10.0,0.0,0.0,38.241447
4.0,15.0,0.0,4.0,4.0,2.0,0.0,38.0,0.0,44.821472,200714.66,10.0,0.0,0.0,35.0
4.0,15.0,0.0,8.0,3.0,4.0,0.0,39.0,0.0,40.209545,200100.1,10.0,0.0,0.0,35.665054
4.0,15.0,0.0,1.0,4.0,2.0,0.0,38.0,0.0,45.999996,200733.98,10.0,0.0,0.0,34.999996
4.0,15.0,0.0,8.0,3.0,4.0,0.0,39.0,0.0,46.68228,199233.92,10.0,0.0,0.0,43.501965
4.0,15.0,2.0,12.0,0.0,4.0,1.0,39.0,1.0,47.259224,136913.95,10.0,0.0,0.0,43.900066
4.0,15.0,2.0,4.0,0.0,4.0,1.0,39.0,1.0,35.17852,136784.22,10.0,0.0,0.0,46.17852
4.0,15.0,2.0,12.0,0.0,4.0,1.0,39.0,1.0,44.208427,137964.8,10.0,0.0,0.0,45.79386
4.0,15.0,2.0,3.0,0.0,4.0,1.0,39.0,1.0,33.999996,135303.98,10.0,0.0,0.0,44.999996
4.0,15.0,2.0,4.0,0.0,4.0,1.0,39.0,1.0,50.033085,135074.53,10.0,0.0,0.0,40.801437
4.0,12.0,2.0,10.0,0.0,4.0,1.0,19.0,2.0,42.7125,139387.86,14.0,6224.9854,0.0,41.512146
4.0,12.0,2.0,10.0,0.0,4.0,1.0,39.0,2.0,38.714092,135286.66,14.0,5875.9023,0.0,51.464428
4.0,12.0,2.0,10.0,0.0,4.0,1.0,19.0,2.0,41.94344,137838.8,14.0,4182.387,0.0,42.716816
4.0,12.0,2.0,10.0,0.0,4.0,1.0,39.0,2.0,33.999996,134736.98,14.0,7687.9995,0.0,54.999996
4.0,12.0,2.0,10.0,0.0,4.0,1.0,39.0,2.0,42.68599,140863.42,14.0,9996.181,0.0,42.404316
5.0,11.0,2.0,12.0,0.0,4.0,1.0,39.0,1.0,43.20384,311828.06,9.0,0.0,0.0,46.678223
4.0,4.0,2.0,7.0,0.0,4.0,1.0,39.0,1.0,34.59275,306827.25,3.0,0.0,0.0,46.11436
4.0,5.0,2.0,7.0,0.0,4.0,1.0,39.0,1.0,42.098507,311737.88,4.0,0.0,0.0,48.60544
4.0,4.0,2.0,7.0,0.0,4.0,1.0,39.0,1.0,31.999998,303941.97,3.0,0.0,0.0,47.999996
4.0,11.0,2.0,7.0,0.0,4.0,1.0,39.0,1.0,43.335957,310409.22,9.0,0.0,0.0,41.2823
4.0,7.0,2.0,6.0,0.0,4.0,1.0,39.0,1.0,44.863976,176362.11,12.0,778.2561,0.0,47.456398
4.0,7.0,2.0,6.0,0.0,4.0,1.0,39.0,2.0,38.171543,177706.4,12.0,0.0,0.0,57.642952
4.0,7.0,2.0,6.0,0.0,4.0,1.0,39.0,1.0,41.681915,176861.77,12.0,948.5373,0.0,48.509678
4.0,7.0,2.0,3.0,0.0,4.0,1.0,39.0,2.0,40.999996,177304.98,12.0,0.0,0.0,59.999996
4.0,7.0,2.0,4.0,0.0,4.0,1.0,39.0,2.0,48.242554,175919.66,12.0,0.0,0.0,48.3229
4.0,9.0,4.0,4.0,1.0,2.0,1.0,39.0,1.0,33.2988,315303.7,13.0,3917.5195,0.0,45.620125
4.0,9.0,4.0,12.0,3.0,2.0,0.0,39.0,0.0,26.771273,314060.2,13.0,0.0,0.0,33.24966
4.0,9.0,4.0,4.0,1.0,2.0,1.0,39.0,1.0,32.78096,316058.47,13.0,3174.1108,0.0,45.244675
4.0,9.0,4.0,12.0,3.0,2.0,0.0,39.0,0.0,22.999998,313572.97,13.0,0.0,0.0,24.999998
4.0,9.0,4.0,4.0,1.0,2.0,1.0,39.0,1.0,33.023964,313376.7,13.0,4294.6763,0.0,43.57851
4.0,11.0,2.0,6.0,0.0,4.0,1.0,39.0,0.0,36.27308,184607.38,9.0,0.0,666.819,48.05602
4.0,11.0,2.0,7.0,0.0,4.0,1.0,39.0,0.0,43.814495,184680.36,9.0,0.0,0.0,40.0
4.0,11.0,2.0,6.0,0.0,4.0,1.0,39.0,0.0,36.044235,184459.97,9.0,0.0,489.41077,43.34729
4.0,11.0,2.0,7.0,0.0,4.0,1.0,39.0,0.0,48.999996,185040.98,9.0,0.0,0.0,39.999996
4.0,11.0,2.0,7.0,0.0,4.0,1.0,39.0,0.0,39.08088,184868.33,9.0,0.0,867.5107,54.22283
4.0,9.0,2.0,10.0,0.0,4.0,1.0,39.0,2.0,47.65357,441856.9,13.0,1155.5104,401.71,48.995304
2.0,9.0,2.0,10.0,0.0,4.0,1.0,39.0,2.0,56.40027,402422.44,13.0,0.0,0.0,40.0
2.0,9.0,2.0,10.0,0.0,4.0,1.0,39.0,2.0,48.835587,444311.38,13.0,1408.3342,88.31843,45.91798
2.0,9.0,2.0,10.0,0.0,4.0,1.0,39.0,2.0,62.999996,379939.97,13.0,0.0,0.0,39.999996
4.0,9.0,2.0,10.0,0.0,4.0,1.0,39.0,2.0,48.43602,427119.94,13.0,0.0,823.8595,52.700527
4.0,9.0,0.0,10.0,3.0,4.0,0.0,39.0,1.0,41.474976,117148.125,13.0,1294.6886,103.96222,56.080677
4.0,9.0,4.0,4.0,1.0,4.0,0.0,4.0,1.0,36.935837,117289.17,13.0,0.0,0.0,40.0
4.0,9.0,4.0,10.0,1.0,4.0,0.0,39.0,1.0,40.325256,116978.39,13.0,1577.9646,22.856735,52.166756
4.0,9.0,4.0,4.0,1.0,4.0,0.0,4.0,1.0,39.999996,117522.99,13.0,0.0,0.0,39.999996
4.0,9.0,0.0,10.0,3.0,4.0,0.0,39.0,0.0,41.023426,117446.17,13.0,0.0,213.21416,59.942772
4.0,2.0,4.0,5.0,2.0,4.0,1.0,39.0,0.0,31.570227,177425.23,8.0,0.0,0.0,35.509533
0.0,15.0,0.0,0.0,2.0,4.0,0.0,39.0,0.0,40.885635,179036.38,10.0,0.0,0.0,31.46443
4.0,2.0,2.0,5.0,3.0,4.0,0.0,39.0,0.0,35.37335,177642.08,8.0,0.0,0.0,32.737362
0.0,15.0,0.0,0.0,1.0,4.0,0.0,39.0,0.0,38.999996,179351.98,10.0,0.0,0.0,34.999996
4.0,2.0,4.0,5.0,1.0,4.0,1.0,39.0,0.0,28.031164,177457.27,8.0,0.0,0.0,39.198555
4.0,11.0,2.0,5.0,0.0,4.0,1.0,39.0,2.0,39.564945,278316.72,9.0,0.0,0.0,57.44386
4.0,11.0,2.0,6.0,0.0,4.0,1.0,39.0,1.0,29.720903,273014.72,9.0,0.0,0.0,43.966743
4.0,11.0,2.0,5.0,0.0,4.0,1.0,39.0,2.0,36.17778,277361.53,9.0,0.0,0.0,57.47863
4.0,11.0,2.0,7.0,0.0,4.0,1.0,39.0,1.0,28.0,269317.0,9.0,0.0,0.0,42.0
4.0,11.0,2.0,5.0,0.0,4.0,1.0,39.0,1.0,43.579044,277740.47,9.0,0.0,0.0,52.71708
4.0,15.0,4.0,5.0,1.0,4.0,0.0,39.0,0.0,38.07972,322441.3,10.0,0.0,0.0,36.818836
4.0,15.0,4.0,10.0,1.0,4.0,1.0,39.0,1.0,31.933496,330505.94,10.0,0.0,0.0,28.687653
4.0,15.0,4.0,5.0,3.0,4.0,1.0,39.0,0.0,38.074768,323860.38,10.0,0.0,0.0,35.8683
4.0,15.0,4.0,10.0,1.0,4.0,1.0,39.0,1.0,28.0,332249.0,10.0,0.0,0.0,25.0
4.0,15.0,4.0,5.0,1.0,4.0,0.0,39.0,1.0,38.728626,321598.53,10.0,0.0,0.0,35.99656
4.0,8.0,2.0,4.0,1.0,4.0,1.0,39.0,0.0,41.71827,221524.5,12.0,0.0,0.0,59.41092
4.0,12.0,2.0,4.0,0.0,4.0,1.0,7.0,2.0,33.066498,221354.6,14.0,0.0,0.0,47.541557
4.0,8.0,3.0,4.0,1.0,4.0,1.0,39.0,0.0,39.04554,221065.47,12.0,0.0,0.0,56.13078
4.0,12.0,2.0,4.0,0.0,4.0,1.0,7.0,2.0,37.0,221850.0,14.0,0.0,0.0,50.0
4.0,8.0,2.0,4.0,1.0,4.0,1.0,39.0,0.0,46.583004,223003.5,12.0,0.0,0.0,66.51446
4.0,11.0,4.0,1.0,3.0,2.0,0.0,39.0,0.0,31.360785,132394.03,9.0,0.0,0.0,37.135933
0.0,11.0,5.0,1.0,1.0,2.0,1.0,39.0,0.0,44.11637,131415.6,9.0,0.0,0.0,15.587904
4.0,11.0,4.0,1.0,2.0,2.0,0.0,39.0,0.0,33.132957,132425.02,9.0,0.0,0.0,34.568546
0.0,11.0,5.0,0.0,1.0,2.0,1.0,39.0,0.0,51.0,130667.0,9.0,0.0,0.0,6.0
4.0,11.0,4.0,1.0,3.0,2.0,0.0,39.0,0.0,33.309864,132137.64,9.0,0.0,0.0,33.87829
4.0,8.0,4.0,8.0,1.0,4.0,0.0,39.0,0.0,39.868843,204225.5,10.0,261.86215,0.0,40.916313
4.0,8.0,4.0,11.0,1.0,4.0,0.0,39.0,0.0,37.262466,204373.61,10.0,1775.2836,0.0,39.999996
4.0,8.0,4.0,8.0,1.0,4.0,0.0,39.0,0.0,37.950066,204520.84,10.0,474.2437,0.0,40.265144
4.0,8.0,4.0,13.0,1.0,4.0,0.0,39.0,0.0,38.0,203761.0,11.0,2354.0,0.0,40.0
4.0,8.0,4.0,8.0,1.0,4.0,0.0,39.0,0.0,44.582687,203810.53,11.0,423.838,0.0,41.62835
4.0,15.0,4.0,4.0,1.0,4.0,1.0,39.0,0.0,28.857021,76428.03,10.0,369.8775,0.0,36.846092
4.0,15.0,4.0,1.0,1.0,4.0,1.0,39.0,1.0,27.950123,76028.44,10.0,2507.5693,0.0,39.999996
4.0,15.0,4.0,4.0,1.0,4.0,1.0,39.0,0.0,31.04139,76762.76,10.0,669.8642,0.0,39.33936
4.0,15.0,4.0,1.0,1.0,4.0,1.0,39.0,1.0,25.0,75759.0,10.0,3325.0,0.0,40.0
4.0,15.0,4.0,4.0,1.0,4.0,1.0,39.0,1.0,22.86582,75879.97,10.0,598.6667,0.0,31.800497
4.0,11.0,2.0,3.0,1.0,4.0,1.0,39.0,0.0,39.094856,33574.996,9.0,2451.7595,997.062,38.55294
6.0,11.0,2.0,5.0,5.0,4.0,0.0,39.0,0.0,55.099743,33137.664,9.0,16621.602,410.31317,43.687653
4.0,11.0,2.0,3.0,1.0,4.0,1.0,39.0,0.0,41.097458,34556.457,9.0,4440.2427,1006.16895,42.19893
6.0,11.0,2.0,5.0,5.0,4.0,0.0,39.0,0.0,61.0,32423.0,9.0,22040.0,0.0,40.0
6.0,11.0,2.0,3.0,5.0,4.0,0.0,39.0,0.0,40.646767,31675.164,9.0,3968.305,932.7049,30.114412
4.0,11.0,2.0,8.0,0.0,4.0,1.0,39.0,1.0,52.0902,210452.56,9.0,0.0,0.0,30.853527
4.0,11.0,2.0,5.0,0.0,4.0,1.0,39.0,1.0,50.574806,209490.23,9.0,0.0,0.0,39.999996
4.0,11.0,2.0,5.0,0.0,4.0,1.0,39.0,1.0,51.05037,210018.34,9.0,0.0,0.0,32.0606
4.0,11.0,2.0,5.0,0.0,4.0,1.0,39.0,1.0,55.0,210318.0,9.0,0.0,0.0,40.0
4.0,11.0,2.0,8.0,0.0,4.0,1.0,39.0,1.0,56.046288,211141.47,9.0,0.0,0.0,28.428326
0.0,1.0,4.0,0.0,3.0,3.0,1.0,39.0,0.0,23.322657,343865.62,7.0,0.0,0.0,36.97371
0.0,1.0,4.0,0.0,3.0,4.0,1.0,39.0,0.0,24.146091,344343.44,7.0,0.0,0.0,37.541557
0.0,1.0,4.0,0.0,3.0,3.0,1.0,39.0,0.0,25.656096,344093.94,7.0,0.0,0.0,38.16323
0.0,0.0,4.0,0.0,3.0,4.0,1.0,39.0,0.0,18.0,344742.0,6.0,0.0,0.0,40.0
0.0,1.0,4.0,0.0,3.0,3.0,1.0,39.0,0.0,18.988556,344463.3,7.0,0.0,0.0,35.114937
4.0,15.0,4.0,8.0,3.0,4.0,1.0,26.0,0.0,21.572397,477738.4,10.0,958.23303,0.0,34.49757
4.0,15.0,4.0,8.0,1.0,4.0,1.0,39.0,2.0,23.27909,464239.6,10.0,6496.3013,0.0,35.083122
4.0,15.0,4.0,8.0,3.0,4.0,1.0,39.0,0.0,21.419987,475151.06,10.0,1735.4016,0.0,32.915222
4.0,15.0,4.0,10.0,1.0,4.0,1.0,39.0,2.0,25.0,469572.0,10.0,8614.0,0.0,40.0
4.0,15.0,4.0,8.0,3.0,4.0,1.0,26.0,0.0,22.371538,471279.0,10.0,1550.9519,0.0,37.528603
4.0,11.0,2.0,5.0,0.0,4.0,1.0,39.0,1.0,39.308075,38626.695,9.0,0.0,0.0,43.117912
6.0,11.0,2.0,3.0,0.0,4.0,1.0,2.0,3.0,53.42518,36668.6,9.0,0.0,0.0,39.999996
4.0,11.0,2.0,5.0,0.0,4.0,1.0,39.0,1.0,45.757874,38004.04,9.0,0.0,0.0,43.590523
6.0,11.0,2.0,3.0,0.0,4.0,1.0,2.0,3.0,49.0,36601.0,9.0,0.0,0.0,40.0
4.0,11.0,2.0,5.0,0.0,4.0,1.0,39.0,1.0,29.960995,39093.76,9.0,0.0,0.0,39.999992
6.0,11.0,2.0,7.0,0.0,4.0,1.0,39.0,1.0,47.44093,195652.47,9.0,0.0,0.0,50.35552
4.0,11.0,2.0,7.0,0.0,4.0,1.0,39.0,2.0,52.21259,196691.03,9.0,0.0,0.0,39.999996
4.0,11.0,2.0,7.0,0.0,4.0,1.0,39.0,1.0,50.27565,195847.86,9.0,0.0,0.0,47.751587
4.0,11.0,2.0,3.0,0.0,4.0,1.0,39.0,2.0,50.0,196975.0,9.0,0.0,0.0,40.0
4.0,11.0,2.0,7.0,0.0,4.0,1.0,39.0,1.0,43.451946,195678.19,9.0,0.0,0.0,54.828377
4.0,15.0,4.0,4.0,3.0,4.0,0.0,39.0,0.0,25.882395,122256.26,10.0,0.0,0.0,31.3054
4.0,15.0,4.0,4.0,1.0,4.0,0.0,39.0,1.0,28.54156,120851.14,10.0,0.0,0.0,44.837276
4.0,15.0,4.0,4.0,3.0,4.0,0.0,39.0,0.0,26.84423,122098.36,10.0,0.0,0.0,32.709347
4.0,15.0,4.0,4.0,1.0,4.0,0.0,39.0,1.0,31.0,120461.0,10.0,0.0,0.0,50.0
4.0,15.0,4.0,4.0,3.0,4.0,0.0,39.0,0.0,23.440294,122259.42,10.0,0.0,0.0,31.914913
4.0,11.0,4.0,8.0,2.0,4.0,0.0,39.0,0.0,37.316833,543928.1,9.0,0.0,0.0,34.867767
4.0,6.0,4.0,6.0,4.0,4.0,1.0,26.0,0.0,21.491684,506818.25,5.0,0.0,0.0,36.229214
4.0,11.0,4.0,8.0,2.0,4.0,1.0,39.0,0.0,32.928684,545411.44,9.0,0.0,0.0,35.9043
4.0,6.0,4.0,8.0,4.0,4.0,1.0,26.0,0.0,21.0,455361.0,5.0,0.0,0.0,35.0
4.0,11.0,4.0,8.0,2.0,4.0,0.0,39.0,0.0,43.533592,518558.66,9.0,0.0,0.0,32.5286
4.0,15.0,4.0,1.0,3.0,4.0,0.0,39.0,0.0,29.627325,236628.12,10.0,1342.8872,629.8347,29.539444
4.0,15.0,4.0,8.0,1.0,4.0,1.0,39.0,0.0,29.883621,236215.39,10.0,0.0,0.0,24.916872
4.0,15.0,4.0,1.0,3.0,4.0,0.0,39.0,0.0,32.002403,236650.06,10.0,1546.4384,485.87805,30.059128
4.0,15.0,4.0,8.0,1.0,4.0,1.0,39.0,0.0,23.0,235722.0,10.0,0.0,0.0,20.0
4.0,15.0,4.0,1.0,1.0,4.0,1.0,39.0,0.0,24.134073,236384.66,10.0,0.0,850.65454,24.885056
4.0,10.0,4.0,10.0,1.0,4.0,1.0,39.0,1.0,32.559544,47648.344,14.0,0.0,319.5139,29.461576
4.0,10.0,4.0,10.0,1.0,4.0,0.0,39.0,0.0,29.883621,47582.64,13.0,0.0,427.76807,28.687653
4.0,10.0,4.0,10.0,1.0,4.0,1.0,39.0,0.0,32.85088,48142.785,13.0,0.0,493.56497,30.286446
4.0,9.0,4.0,10.0,1.0,4.0,0.0,39.0,0.0,23.0,46645.0,13.0,0.0,0.0,25.0
4.0,9.0,4.0,10.0,1.0,4.0,0.0,39.0,1.0,29.3448,46506.91,14.0,0.0,0.0,23.60494
4.0,11.0,0.0,6.0,3.0,4.0,1.0,39.0,0.0,30.062296,288782.72,9.0,0.0,414.63354,49.36772
4.0,11.0,4.0,6.0,2.0,4.0,1.0,39.0,0.0,24.704279,290091.2,9.0,0.0,555.1151,50.81712
4.0,11.0,0.0,6.0,2.0,4.0,1.0,39.0,0.0,30.321476,288867.6,9.0,0.0,640.4998,54.65986
4.0,11.0,4.0,8.0,2.0,4.0,1.0,39.0,0.0,22.0,290504.0,9.0,0.0,0.0,40.0
4.0,11.0,4.0,8.0,3.0,4.0,1.0,39.0,0.0,25.413767,288783.72,9.0,0.0,0.0,37.528603
4.0,11.0,4.0,7.0,3.0,4.0,1.0,39.0,0.0,27.197,351226.25,9.0,0.0,0.0,36.195194
4.0,11.0,4.0,7.0,1.0,4.0,1.0,39.0,0.0,32.262466,361575.62,9.0,0.0,0.0,36.31234
4.0,11.0,4.0,7.0,3.0,4.0,1.0,39.0,0.0,27.890476,354365.75,9.0,0.0,0.0,35.23114
6.0,11.0,4.0,10.0,1.0,4.0,1.0,39.0,0.0,33.0,361497.0,9.0,0.0,0.0,40.0
4.0,11.0,4.0,7.0,3.0,4.0,1.0,39.0,0.0,26.405758,349853.16,9.0,0.0,0.0,37.528603
4.0,9.0,4.0,4.0,1.0,3.0,0.0,37.0,0.0,37.50316,167506.42,11.0,1931.7737,0.0,43.679867
4.0,9.0,4.0,1.0,3.0,1.0,0.0,37.0,0.0,27.47506,166197.95,13.0,2586.276,0.0,49.833744
4.0,9.0,4.0,4.0,1.0,3.0,0.0,37.0,0.0,36.315308,167563.62,11.0,2984.0825,0.0,50.28572
4.0,9.0,4.0,1.0,3.0,1.0,0.0,37.0,0.0,26.0,165235.0,13.0,0.0,0.0,40.0
4.0,9.0,4.0,4.0,3.0,3.0,0.0,39.0,0.0,39.36863,166955.2,11.0,0.0,0.0,33.486588
4.0,9.0,4.0,4.0,3.0,4.0,1.0,39.0,0.0,34.65292,206397.81,13.0,811.8394,0.0,52.814526
2.0,12.0,2.0,10.0,0.0,4.0,1.0,39.0,2.0,38.262466,204228.84,14.0,5503.8315,0.0,39.999996
4.0,9.0,4.0,4.0,3.0,4.0,1.0,39.0,0.0,32.387936,205871.4,13.0,1470.2764,0.0,48.118668
2.0,12.0,2.0,10.0,0.0,4.0,1.0,39.0,2.0,39.0,203482.0,14.0,7298.0,0.0,40.0
4.0,12.0,2.0,10.0,0.0,4.0,1.0,39.0,2.0,38.75056,206420.16,14.0,1314.0059,0.0,58.870384
4.0,12.0,2.0,4.0,1.0,4.0,0.0,39.0,1.0,49.099373,142886.75,13.0,2809.0183,0.0,34.144474
4.0,12.0,2.0,4.0,0.0,4.0,1.0,12.0,2.0,57.75415,145845.9,14.0,11330.442,0.0,39.999996
4.0,12.0,2.0,4.0,1.0,4.0,1.0,39.0,1.0,52.102398,143213.4,14.0,4336.961,0.0,35.482826
4.0,12.0,2.0,4.0,0.0,4.0,1.0,12.0,2.0,58.0,146477.0,14.0,15024.0,0.0,40.0
4.0,9.0,4.0,4.0,1.0,4.0,0.0,39.0,2.0,48.881218,143562.73,13.0,2705.0732,0.0,32.09153
4.0,11.0,4.0,8.0,3.0,4.0,1.0,39.0,0.0,22.81186,189362.5,9.0,0.0,0.0,33.395203
4.0,11.0,0.0,10.0,4.0,4.0,0.0,39.0,0.0,30.57481,190243.67,9.0,0.0,0.0,35.083122
4.0,11.0,4.0,8.0,3.0,4.0,1.0,39.0,0.0,23.86254,189558.88,9.0,0.0,0.0,33.478363
4.0,11.0,0.0,10.0,4.0,4.0,0.0,39.0,0.0,35.0,190728.0,9.0,0.0,0.0,40.0
4.0,11.0,4.0,8.0,3.0,4.0,0.0,39.0,0.0,23.857918,189287.03,9.0,0.0,0.0,34.78927
4.0,15.0,2.0,8.0,0.0,4.0,1.0,39.0,2.0,40.508327,331612.97,10.0,0.0,0.0,43.464165
4.0,15.0,2.0,4.0,0.0,1.0,1.0,40.0,0.0,43.033245,335404.38,10.0,0.0,0.0,37.541557
4.0,15.0,2.0,8.0,0.0,4.0,1.0,39.0,2.0,43.20025,331032.3,10.0,0.0,0.0,43.267303
4.0,15.0,2.0,3.0,0.0,1.0,1.0,40.0,0.0,45.0,338105.0,10.0,0.0,0.0,40.0
4.0,15.0,2.0,4.0,0.0,4.0,1.0,39.0,0.0,36.85823,334795.16,10.0,0.0,0.0,39.999992
4.0,11.0,2.0,3.0,0.0,4.0,1.0,39.0,2.0,44.091476,64337.04,9.0,807.2289,0.0,40.367252
4.0,11.0,2.0,3.0,0.0,4.0,1.0,39.0,3.0,57.737526,71844.4,9.0,0.0,0.0,40.491684
4.0,11.0,2.0,3.0,0.0,4.0,1.0,39.0,2.0,48.907238,65430.39,9.0,929.5865,0.0,40.567314
4.0,11.0,2.0,3.0,0.0,4.0,1.0,39.0,3.0,57.0,78020.0,9.0,0.0,0.0,40.0
1.0,11.0,2.0,1.0,0.0,4.0,1.0,39.0,0.0,39.129707,65532.73,9.0,0.0,0.0,39.999992
4.0,7.0,4.0,1.0,1.0,4.0,1.0,39.0,1.0,25.866589,236334.16,9.0,0.0,0.0,28.737125
4.0,11.0,4.0,1.0,1.0,4.0,0.0,39.0,1.0,29.54156,237200.94,9.0,0.0,0.0,35.083122
4.0,7.0,4.0,1.0,1.0,4.0,1.0,39.0,1.0,26.617773,237117.42,9.0,0.0,0.0,29.06402
4.0,11.0,4.0,1.0,1.0,4.0,0.0,39.0,1.0,32.0,236415.0,9.0,0.0,0.0,40.0
4.0,7.0,4.0,1.0,1.0,4.0,0.0,39.0,1.0,23.934467,235337.45,9.0,0.0,0.0,27.643015
4.0,9.0,2.0,3.0,1.0,4.0,1.0,39.0,1.0,46.45445,68987.01,13.0,452.08487,0.0,32.816467
4.0,8.0,2.0,3.0,1.0,4.0,1.0,39.0,1.0,56.55818,69212.3,11.0,3064.8906,0.0,41.229214
4.0,9.0,2.0,3.0,1.0,4.0,1.0,39.0,1.0,49.559883,68349.74,13.0,818.7453,0.0,35.755512
4.0,8.0,2.0,3.0,0.0,4.0,1.0,39.0,1.0,60.0,69955.0,11.0,4064.0,0.0,40.0
4.0,8.0,2.0,1.0,1.0,4.0,1.0,39.0,1.0,45.624306,70948.414,11.0,731.72375,0.0,29.329103
4.0,6.0,4.0,8.0,1.0,4.0,0.0,39.0,1.0,33.544266,142190.8,7.0,0.0,0.0,38.170143
4.0,6.0,4.0,8.0,3.0,2.0,1.0,39.0,0.0,23.146091,143738.67,6.0,0.0,0.0,39.999996
4.0,6.0,4.0,8.0,1.0,4.0,0.0,39.0,0.0,29.810263,142666.98,7.0,0.0,0.0,38.58838
4.0,6.0,4.0,8.0,3.0,2.0,1.0,39.0,0.0,17.0,143868.0,5.0,0.0,0.0,40.0
4.0,6.0,4.0,8.0,1.0,4.0,0.0,39.0,1.0,35.452343,141928.16,7.0,0.0,0.0,37.528603
4.0,11.0,4.0,11.0,2.0,4.0,1.0,39.0,1.0,29.836557,205535.77,9.0,0.0,0.0,43.214733
0.0,11.0,2.0,0.0,5.0,4.0,0.0,39.0,0.0,20.720903,205323.53,9.0,0.0,0.0,36.98337
4.0,11.0,4.0,6.0,3.0,4.0,1.0,39.0,1.0,28.949627,205509.28,9.0,0.0,0.0,42.017376
0.0,11.0,2.0,0.0,5.0,4.0,0.0,39.0,0.0,19.0,204868.0,9.0,0.0,0.0,36.0
4.0,11.0,4.0,11.0,2.0,4.0,1.0,39.0,0.0,28.36821,205449.17,9.0,0.0,0.0,44.222588
4.0,11.0,2.0,7.0,3.0,4.0,1.0,39.0,1.0,41.78882,143267.53,9.0,1751.8993,0.0,39.954735
4.0,11.0,4.0,6.0,1.0,2.0,1.0,39.0,0.0,29.983372,143409.5,9.0,0.0,0.0,38.770775
4.0,11.0,2.0,7.0,3.0,4.0,1.0,39.0,1.0,41.561752,143535.55,9.0,1351.4806,0.0,40.6741
4.0,11.0,4.0,6.0,1.0,2.0,1.0,39.0,0.0,29.0,142760.0,9.0,0.0,0.0,40.0
4.0,11.0,2.0,7.0,1.0,4.0,1.0,39.0,1.0,40.07739,142617.3,9.0,2366.1147,0.0,37.551697
4.0,11.0,2.0,7.0,0.0,4.0,1.0,39.0,1.0,40.417522,170425.77,9.0,0.0,348.5677,43.644356
4.0,11.0,2.0,12.0,0.0,4.0,1.0,39.0,1.0,41.999996,170393.25,9.0,0.0,0.0,49.7209
4.0,11.0,2.0,7.0,0.0,4.0,1.0,39.0,1.0,40.802834,170200.19,9.0,0.0,100.86244,45.86657
4.0,11.0,2.0,12.0,0.0,4.0,1.0,39.0,0.0,42.0,169995.0,9.0,0.0,0.0,48.0
4.0,11.0,2.0,7.0,0.0,4.0,1.0,39.0,1.0,42.371857,170533.38,9.0,0.0,619.42535,41.440395
4.0,15.0,4.0,4.0,1.0,4.0,1.0,39.0,0.0,30.181566,76225.945,10.0,1216.851,0.0,40.083054
4.0,15.0,4.0,12.0,1.0,4.0,0.0,39.0,1.0,28.40856,73957.0,10.0,0.0,0.0,36.14609
4.0,15.0,4.0,4.0,1.0,4.0,1.0,39.0,0.0,30.36801,76014.54,10.0,938.7243,0.0,40.444973
4.0,15.0,4.0,12.0,1.0,4.0,0.0,39.0,1.0,23.0,72922.0,10.0,0.0,0.0,30.0
4.0,15.0,4.0,4.0,1.0,4.0,0.0,39.0,1.0,28.547945,75605.125,10.0,1643.4785,0.0,38.199493
4.0,15.0,2.0,4.0,0.0,4.0,1.0,39.0,1.0,36.16718,193009.27,10.0,855.2236,0.0,52.363453
4.0,15.0,2.0,11.0,0.0,4.0,1.0,39.0,2.0,32.195965,192384.53,10.0,5797.9526,0.0,50.55818
4.0,15.0,2.0,4.0,0.0,4.0,1.0,39.0,1.0,36.11218,193122.08,10.0,1548.8469,0.0,51.458466
4.0,15.0,2.0,11.0,0.0,4.0,1.0,39.0,2.0,29.0,191722.0,10.0,7688.0,0.0,54.0
4.0,15.0,2.0,4.0,0.0,4.0,1.0,39.0,1.0,34.739647,192212.31,10.0,1384.2255,0.0,53.685875
4.0,15.0,2.0,4.0,0.0,4.0,1.0,39.0,2.0,49.21642,209647.75,10.0,0.0,0.0,35.385017
4.0,15.0,2.0,3.0,0.0,4.0,1.0,39.0,0.0,47.248863,209934.16,10.0,0.0,0.0,40.0
4.0,15.0,2.0,4.0,0.0,4.0,1.0,39.0,2.0,49.391193,209907.19,10.0,0.0,0.0,34.399746
4.0,15.0,2.0,3.0,0.0,4.0,1.0,39.0,0.0,47.000004,208872.03,10.0,0.0,0.0,40.000004
4.0,15.0,2.0,11.0,0.0,4.0,1.0,39.0,0.0,52.107986,208786.27,10.0,0.0,0.0,34.79311
4.0,12.0,2.0,4.0,0.0,4.0,1.0,39.0,2.0,42.21065,89140.49,14.0,5359.729,206.60382,52.928444
4.0,12.0,2.0,4.0,0.0,4.0,1.0,39.0,3.0,34.746597,87466.12,14.0,0.0,1417.3909,47.511345
4.0,12.0,2.0,4.0,0.0,4.0,1.0,39.0,2.0,40.72213,88641.09,14.0,4271.78,378.08975,49.147015
4.0,12.0,2.0,4.0,0.0,4.0,1.0,39.0,3.0,34.000004,87218.01,14.0,0.0,1887.0002,50.000008
4.0,12.0,2.0,4.0,0.0,4.0,1.0,39.0,2.0,44.24004,89350.734,14.0,7476.134,342.74313,59.787422
5.0,11.0,2.0,4.0,0.0,4.0,1.0,39.0,1.0,46.17016,28149.951,9.0,0.0,0.0,34.71415
6.0,11.0,2.0,3.0,0.0,4.0,1.0,39.0,1.0,36.26248,32681.457,9.0,0.0,0.0,41.244328
5.0,11.0,2.0,4.0,0.0,4.0,1.0,39.0,1.0,44.757412,28732.43,9.0,0.0,0.0,36.002575
6.0,11.0,2.0,3.0,0.0,4.0,1.0,39.0,1.0,39.000004,33001.004,9.0,0.0,0.0,40.000004
6.0,11.0,2.0,4.0,0.0,4.0,1.0,39.0,1.0,48.23278,27371.371,9.0,0.0,0.0,31.651508
4.0,9.0,4.0,8.0,3.0,4.0,0.0,39.0,0.0,23.288254,210699.55,10.0,0.0,0.0,36.26406
1.0,9.0,4.0,8.0,3.0,4.0,1.0,39.0,0.0,21.751135,209218.61,12.0,0.0,0.0,26.719368
4.0,9.0,4.0,8.0,3.0,4.0,0.0,39.0,0.0,22.570768,210484.5,12.0,0.0,0.0,37.0756
1.0,7.0,4.0,8.0,3.0,4.0,1.0,39.0,0.0,22.000002,209131.03,12.0,0.0,0.0,20.000002
1.0,7.0,4.0,8.0,3.0,4.0,1.0,39.0,0.0,24.455097,210581.22,10.0,0.0,0.0,31.55602
4.0,11.0,2.0,8.0,3.0,4.0,1.0,39.0,0.0,30.863897,82727.72,9.0,0.0,0.0,46.306507
4.0,15.0,2.0,8.0,4.0,1.0,0.0,39.0,0.0,28.73752,79110.81,10.0,0.0,0.0,40.0
4.0,11.0,2.0,8.0,3.0,4.0,1.0,39.0,0.0,31.084898,81540.98,9.0,0.0,0.0,46.12469
4.0,15.0,2.0,10.0,5.0,1.0,0.0,39.0,0.0,26.000004,77698.01,10.0,0.0,0.0,40.000004
4.0,13.0,4.0,8.0,4.0,4.0,1.0,39.0,0.0,29.771074,82917.055,9.0,0.0,0.0,48.093662
4.0,9.0,0.0,8.0,4.0,4.0,1.0,39.0,0.0,36.131073,236142.06,11.0,943.12946,0.0,30.785248
4.0,7.0,4.0,10.0,1.0,4.0,0.0,39.0,2.0,29.995462,236447.19,12.0,6470.273,0.0,32.534035
4.0,9.0,4.0,8.0,1.0,4.0,1.0,39.0,1.0,36.800568,236333.64,12.0,1725.9486,0.0,30.447609
4.0,7.0,4.0,10.0,1.0,4.0,0.0,39.0,2.0,29.000004,236436.03,12.0,8614.001,0.0,40.000004
4.0,9.0,4.0,10.0,1.0,4.0,1.0,39.0,0.0,32.549217,235677.0,11.0,1564.5942,0.0,33.58493
4.0,15.0,2.0,4.0,0.0,4.0,1.0,39.0,2.0,45.68239,210709.9,10.0,0.0,0.0,39.884037
4.0,15.0,2.0,4.0,0.0,4.0,1.0,39.0,0.0,44.013615,209419.75,10.0,0.0,0.0,45.226173
4.0,15.0,2.0,4.0,0.0,4.0,1.0,39.0,2.0,46.36644,210473.05,10.0,0.0,0.0,41.611668
4.0,15.0,2.0,3.0,0.0,4.0,1.0,39.0,0.0,47.000004,208872.03,10.0,0.0,0.0,40.000004
4.0,15.0,2.0,3.0,0.0,4.0,1.0,39.0,2.0,43.327816,211296.02,10.0,0.0,0.0,39.999996
4.0,15.0,2.0,3.0,0.0,4.0,1.0,39.0,0.0,36.65835,109853.73,10.0,1327.2191,0.0,37.703724
6.0,15.0,2.0,3.0,0.0,4.0,1.0,39.0,0.0,31.986385,110134.336,10.0,1816.2203,0.0,38.732983
4.0,15.0,2.0,3.0,0.0,4.0,1.0,39.0,0.0,35.68416,110039.64,10.0,2040.275,0.0,38.950535
6.0,15.0,2.0,3.0,0.0,4.0,1.0,39.0,0.0,29.000004,109001.016,10.0,0.0,0.0,35.000004
4.0,15.0,2.0,3.0,0.0,4.0,1.0,39.0,0.0,33.922226,109743.61,10.0,0.0,0.0,34.1157
1.0,10.0,2.0,10.0,1.0,4.0,1.0,39.0,2.0,40.32757,131932.44,14.0,2211.6404,285.45447,55.08347
4.0,10.0,0.0,13.0,4.0,4.0,1.0,39.0,3.0,45.267017,133038.69,16.0,7494.2075,0.0,43.732983
4.0,10.0,2.0,10.0,1.0,4.0,1.0,39.0,2.0,39.739063,132539.64,14.0,3638.0217,308.97128,53.583416
4.0,10.0,0.0,13.0,4.0,4.0,1.0,39.0,3.0,49.000008,132476.02,16.0,7430.001,0.0,40.000004
4.0,10.0,2.0,10.0,1.0,4.0,1.0,39.0,2.0,42.707886,130657.09,16.0,1349.5397,0.0,57.52737
4.0,9.0,2.0,12.0,0.0,4.0,1.0,39.0,2.0,52.364048,156516.66,13.0,719.1288,0.0,37.780468
4.0,9.0,2.0,12.0,0.0,4.0,1.0,39.0,2.0,29.230713,154560.98,13.0,0.0,0.0,40.0
4.0,9.0,2.0,12.0,0.0,4.0,1.0,39.0,2.0,47.396034,156353.31,13.0,778.37335,0.0,36.146008
4.0,9.0,2.0,12.0,0.0,4.0,1.0,39.0,2.0,25.000004,154941.02,13.0,0.0,0.0,40.000004
4.0,9.0,2.0,12.0,0.0,4.0,1.0,39.0,2.0,52.791477,156164.7,13.0,0.0,0.0,43.20753
4.0,9.0,2.0,4.0,5.0,2.0,0.0,11.0,2.0,34.380043,361866.12,13.0,0.0,0.0,34.87949
4.0,9.0,2.0,10.0,5.0,4.0,0.0,39.0,3.0,31.493193,384041.44,13.0,0.0,0.0,26.737522
4.0,9.0,2.0,4.0,5.0,4.0,0.0,11.0,2.0,35.323936,369531.62,13.0,0.0,0.0,32.734306
4.0,9.0,2.0,10.0,5.0,4.0,0.0,39.0,3.0,30.000004,385177.03,13.0,0.0,0.0,24.000004
4.0,9.0,2.0,10.0,5.0,2.0,0.0,11.0,2.0,30.353716,354658.9,13.0,0.0,0.0,37.093857
4.0,15.0,4.0,10.0,1.0,4.0,1.0,39.0,0.0,24.838171,47661.277,10.0,0.0,0.0,41.672672
4.0,9.0,4.0,10.0,1.0,4.0,0.0,39.0,0.0,25.732983,46687.055,13.0,0.0,0.0,16.217098
4.0,15.0,4.0,10.0,1.0,4.0,1.0,39.0,0.0,25.500322,47659.387,10.0,0.0,0.0,39.616467
4.0,9.0,4.0,10.0,1.0,4.0,0.0,39.0,0.0,22.000002,46645.004,13.0,0.0,0.0,9.000001
4.0,15.0,4.0,10.0,1.0,4.0,0.0,39.0,0.0,23.250046,47556.004,10.0,0.0,0.0,31.881283
4.0,12.0,2.0,10.0,1.0,4.0,0.0,39.0,2.0,32.304195,201574.83,14.0,0.0,216.45773,34.32371
4.0,14.0,2.0,10.0,0.0,4.0,1.0,39.0,2.0,42.732983,201803.03,15.0,0.0,1484.9929,48.009075
4.0,12.0,2.0,10.0,1.0,4.0,1.0,39.0,2.0,37.191822,201453.3,14.0,0.0,396.12265,36.876183
6.0,14.0,2.0,10.0,0.0,4.0,1.0,39.0,2.0,39.000004,202027.03,15.0,0.0,1977.0002,50.000008
6.0,9.0,4.0,10.0,3.0,4.0,0.0,39.0,0.0,25.087772,201923.84,13.0,0.0,359.09018,31.86408
4.0,11.0,4.0,7.0,3.0,4.0,0.0,33.0,0.0,41.750553,268615.38,9.0,0.0,0.0,30.518894
4.0,11.0,0.0,8.0,4.0,2.0,0.0,39.0,1.0,42.95462,265752.5,9.0,0.0,0.0,33.778362
4.0,11.0,4.0,7.0,3.0,4.0,0.0,33.0,0.0,46.115982,267801.28,9.0,0.0,0.0,31.734215
4.0,11.0,0.0,7.0,4.0,2.0,0.0,39.0,1.0,33.000004,265204.03,9.0,0.0,0.0,40.000004
4.0,11.0,0.0,7.0,4.0,4.0,0.0,33.0,0.0,29.804495,269475.28,9.0,0.0,0.0,31.018906
4.0,11.0,4.0,7.0,3.0,4.0,0.0,39.0,1.0,30.056492,121007.086,9.0,0.0,188.97626,44.792957
4.0,11.0,0.0,7.0,3.0,4.0,1.0,39.0,1.0,38.990925,120898.5,9.0,0.0,1296.4581,50.0
4.0,11.0,4.0,7.0,3.0,4.0,0.0,39.0,1.0,32.253944,120844.51,9.0,0.0,345.8309,45.382023
4.0,11.0,0.0,7.0,4.0,4.0,1.0,39.0,1.0,37.000004,121228.016,9.0,0.0,1726.0002,50.000008
4.0,11.0,4.0,7.0,3.0,4.0,0.0,39.0,1.0,28.25279,121111.39,9.0,0.0,313.50006,45.023872
4.0,12.0,2.0,4.0,0.0,4.0,1.0,39.0,2.0,38.435223,89357.56,14.0,1644.9474,354.65573,52.987843
4.0,12.0,2.0,4.0,0.0,4.0,1.0,39.0,2.0,48.267017,89152.984,14.0,11285.045,0.0,55.02269
4.0,12.0,2.0,4.0,0.0,4.0,1.0,39.0,1.0,40.115,89482.09,14.0,3010.2917,109.95566,51.698273
5.0,12.0,2.0,4.0,0.0,4.0,1.0,39.0,2.0,52.000008,89041.01,14.0,15024.002,0.0,60.000008
4.0,12.0,2.0,4.0,0.0,4.0,1.0,39.0,2.0,39.259857,89450.484,14.0,2728.8674,605.2614,59.280525
1.0,7.0,4.0,8.0,3.0,3.0,0.0,39.0,0.0,28.275053,210793.58,9.0,0.0,0.0,25.645248
1.0,7.0,4.0,1.0,3.0,4.0,0.0,8.0,0.0,24.253403,210763.2,3.0,0.0,0.0,26.244328
1.0,7.0,4.0,8.0,3.0,3.0,0.0,39.0,0.0,29.76339,210741.72,9.0,0.0,0.0,27.346846
0.0,4.0,4.0,0.0,4.0,4.0,0.0,8.0,0.0,25.000004,210095.03,3.0,0.0,0.0,25.000004
0.0,4.0,4.0,1.0,3.0,4.0,0.0,39.0,0.0,20.941132,210564.72,9.0,0.0,0.0,20.908169
4.0,9.0,2.0,12.0,0.0,4.0,1.0,39.0,2.0,42.66705,126517.18,13.0,567.95764,678.52795,48.264656
4.0,9.0,2.0,4.0,5.0,4.0,0.0,39.0,2.0,36.226173,128746.81,13.0,0.0,0.0,50.0
4.0,9.0,2.0,4.0,0.0,4.0,1.0,39.0,2.0,42.40184,128168.97,13.0,614.7481,540.7964,49.064278
4.0,9.0,2.0,4.0,5.0,4.0,0.0,39.0,2.0,31.000004,127610.016,13.0,0.0,0.0,50.000008
4.0,9.0,2.0,4.0,0.0,4.0,1.0,39.0,2.0,40.82039,124010.19,13.0,0.0,946.4594,49.280525
4.0,15.0,2.0,12.0,0.0,4.0,1.0,39.0,1.0,44.933002,66515.445,10.0,847.26447,0.0,59.082684
4.0,15.0,2.0,12.0,0.0,4.0,1.0,39.0,0.0,31.728443,82176.266,10.0,0.0,0.0,46.244328
4.0,15.0,2.0,12.0,0.0,4.0,1.0,39.0,0.0,43.885544,67073.305,10.0,262.68155,0.0,54.192047
4.0,15.0,2.0,14.0,0.0,4.0,1.0,39.0,0.0,27.000004,85251.01,10.0,0.0,0.0,45.000004
4.0,15.0,2.0,12.0,0.0,4.0,1.0,39.0,1.0,40.414604,69401.15,10.0,1445.9558,0.0,66.100655
4.0,15.0,2.0,3.0,3.0,4.0,0.0,39.0,1.0,31.367563,482987.62,10.0,0.0,0.0,40.547443
4.0,11.0,4.0,1.0,1.0,4.0,1.0,39.0,1.0,26.004538,481153.56,9.0,0.0,0.0,43.755672
4.0,11.0,4.0,3.0,3.0,4.0,1.0,39.0,1.0,29.072002,499758.34,9.0,0.0,0.0,41.00183
4.0,11.0,4.0,1.0,1.0,4.0,1.0,39.0,1.0,27.000004,420351.06,9.0,0.0,0.0,45.000004
4.0,15.0,2.0,3.0,5.0,4.0,0.0,39.0,1.0,34.862904,446454.7,10.0,0.0,0.0,40.908165
4.0,8.0,2.0,5.0,0.0,4.0,1.0,39.0,2.0,53.282135,264791.44,11.0,0.0,311.85202,40.304638
4.0,8.0,2.0,8.0,0.0,4.0,1.0,20.0,1.0,39.990925,260748.77,11.0,0.0,0.0,66.26701
4.0,12.0,2.0,5.0,0.0,4.0,1.0,20.0,2.0,52.23552,264295.88,14.0,0.0,337.54358,45.655174
4.0,8.0,2.0,8.0,0.0,4.0,1.0,20.0,1.0,38.000004,258339.03,11.0,0.0,0.0,70.00001
4.0,8.0,2.0,4.0,0.0,4.0,1.0,39.0,1.0,53.2821,265239.6,11.0,0.0,0.0,37.48721
4.0,15.0,4.0,4.0,1.0,4.0,1.0,39.0,1.0,40.117035,277852.28,10.0,0.0,0.0,42.747646
4.0,15.0,0.0,1.0,4.0,4.0,0.0,4.0,0.0,44.221638,278070.97,10.0,0.0,0.0,40.0
4.0,15.0,4.0,4.0,1.0,4.0,1.0,39.0,1.0,43.679146,278066.56,10.0,0.0,0.0,41.955967
4.0,15.0,0.0,1.0,4.0,4.0,0.0,4.0,0.0,38.000004,277022.03,10.0,0.0,0.0,40.000004
4.0,15.0,0.0,4.0,1.0,4.0,1.0,39.0,0.0,36.99274,277582.38,10.0,0.0,0.0,44.976124
4.0,9.0,0.0,10.0,4.0,4.0,0.0,39.0,0.0,37.354614,106858.91,11.0,1946.041,0.0,33.997875
5.0,15.0,0.0,10.0,1.0,4.0,0.0,39.0,1.0,46.26248,106697.59,10.0,0.0,0.0,39.502266
4.0,9.0,0.0,10.0,4.0,4.0,0.0,39.0,0.0,40.61116,106906.56,11.0,1551.0223,0.0,37.692764
5.0,15.0,0.0,12.0,1.0,4.0,0.0,39.0,1.0,49.000008,106169.016,10.0,0.0,0.0,40.000004
4.0,15.0,0.0,12.0,1.0,4.0,0.0,39.0,0.0,35.219635,106493.83,11.0,2714.4775,0.0,30.3774
4.0,15.0,2.0,5.0,0.0,4.0,1.0,39.0,1.0,39.30521,38295.17,10.0,666.3337,441.69073,51.154827
2.0,15.0,2.0,4.0,0.0,0.0,1.0,39.0,3.0,36.760212,31968.32,10.0,0.0,1115.4348,40.0
4.0,15.0,2.0,5.0,0.0,4.0,1.0,39.0,1.0,36.973988,35380.23,10.0,721.22876,384.0739,47.975292
2.0,15.0,2.0,4.0,0.0,0.0,1.0,39.0,3.0,39.000004,32587.004,10.0,0.0,1485.0001,40.000004
6.0,15.0,2.0,5.0,0.0,4.0,1.0,39.0,1.0,43.379612,41640.473,10.0,0.0,746.0449,56.14546
4.0,4.0,2.0,5.0,2.0,4.0,0.0,39.0,0.0,32.593246,178886.72,8.0,0.0,0.0,35.662796
0.0,0.0,2.0,0.0,5.0,4.0,0.0,13.0,0.0,41.276093,177832.31,6.0,0.0,0.0,24.479578
4.0,4.0,2.0,5.0,3.0,4.0,0.0,39.0,0.0,34.23749,178689.19,8.0,0.0,0.0,34.011906
0.0,0.0,2.0,0.0,5.0,4.0,0.0,5.0,0.0,47.000004,178013.02,6.0,0.0,0.0,20.000002
4.0,15.0,2.0,0.0,2.0,4.0,0.0,39.0,0.0,34.358753,178840.94,10.0,0.0,0.0,33.879257
4.0,11.0,2.0,7.0,0.0,4.0,1.0,39.0,1.0,38.498226,261329.67,9.0,824.33496,0.0,42.037586
4.0,11.0,2.0,7.0,0.0,4.0,1.0,39.0,1.0,28.995462,265755.0,9.0,0.0,0.0,43.990925
4.0,11.0,2.0,3.0,0.0,4.0,1.0,39.0,1.0,35.307083,260971.23,9.0,255.57262,0.0,43.196396
4.0,11.0,2.0,7.0,0.0,4.0,1.0,39.0,1.0,28.000004,269317.03,9.0,0.0,0.0,42.000004
4.0,11.0,2.0,7.0,0.0,4.0,1.0,39.0,2.0,42.056114,263705.8,9.0,1406.8239,0.0,40.363266
4.0,2.0,4.0,12.0,3.0,4.0,0.0,39.0,0.0,27.507969,408211.2,7.0,0.0,0.0,28.039291
4.0,5.0,4.0,8.0,4.0,2.0,0.0,39.0,0.0,61.289707,407018.2,4.0,0.0,0.0,38.0
4.0,2.0,4.0,12.0,4.0,4.0,0.0,39.0,0.0,33.47532,408858.9,7.0,0.0,0.0,29.269861
4.0,5.0,6.0,8.0,4.0,2.0,0.0,39.0,0.0,70.00001,405362.06,4.0,0.0,0.0,38.000004
4.0,2.0,4.0,12.0,3.0,4.0,0.0,39.0,0.0,28.23036,404530.56,7.0,0.0,0.0,27.196411
4.0,15.0,2.0,10.0,0.0,4.0,1.0,39.0,0.0,37.712433,107020.34,10.0,0.0,0.0,41.522594
1.0,15.0,2.0,10.0,0.0,4.0,1.0,39.0,2.0,43.276093,110182.87,10.0,0.0,0.0,37.511345
4.0,15.0,2.0,10.0,0.0,4.0,1.0,39.0,0.0,38.597527,107530.93,10.0,0.0,0.0,40.324955
1.0,15.0,2.0,13.0,0.0,4.0,1.0,39.0,2.0,49.000008,110373.016,10.0,0.0,0.0,40.000004
4.0,15.0,2.0,10.0,0.0,4.0,1.0,39.0,0.0,38.604027,106751.68,10.0,0.0,0.0,44.36758
4.0,9.0,4.0,8.0,3.0,4.0,0.0,39.0,0.0,34.58478,203200.52,11.0,428.09998,0.0,41.783726
5.0,15.0,0.0,11.0,1.0,4.0,1.0,39.0,0.0,47.01361,204276.28,10.0,585.82935,0.0,40.0
4.0,9.0,4.0,8.0,1.0,4.0,0.0,39.0,0.0,37.259514,203376.62,11.0,658.0991,0.0,41.421654
5.0,15.0,0.0,11.0,1.0,4.0,1.0,39.0,0.0,50.000008,204447.03,10.0,0.0,0.0,40.000004
4.0,9.0,4.0,8.0,1.0,4.0,0.0,39.0,0.0,36.36353,203276.1,11.0,0.0,0.0,42.48806
4.0,11.0,4.0,7.0,4.0,4.0,0.0,39.0,0.0,31.616611,109234.4,9.0,395.36505,0.0,29.373287
4.0,11.0,0.0,7.0,4.0,4.0,1.0,0.0,0.0,36.506805,108629.766,9.0,541.03357,0.0,40.0
4.0,11.0,4.0,7.0,4.0,4.0,0.0,39.0,0.0,33.701206,109083.52,9.0,607.77716,0.0,30.126686
4.0,11.0,0.0,7.0,4.0,4.0,1.0,0.0,0.0,38.000004,108907.016,9.0,0.0,0.0,40.000004
4.0,11.0,4.0,7.0,4.0,4.0,0.0,39.0,0.0,30.589706,108928.945,9.0,0.0,0.0,32.038193
4.0,11.0,4.0,7.0,3.0,4.0,1.0,39.0,1.0,29.243122,190094.23,9.0,0.0,0.0,36.738686
4.0,11.0,0.0,10.0,4.0,4.0,0.0,39.0,0.0,30.52042,190237.75,9.0,0.0,0.0,35.02269
4.0,11.0,4.0,8.0,3.0,4.0,1.0,39.0,1.0,27.424992,190034.58,9.0,0.0,0.0,34.525215
4.0,11.0,0.0,10.0,4.0,4.0,0.0,39.0,0.0,35.000004,190728.02,9.0,0.0,0.0,40.000004
4.0,11.0,4.0,7.0,1.0,4.0,0.0,39.0,1.0,34.679245,190192.1,9.0,0.0,0.0,40.641502
4.0,11.0,4.0,8.0,3.0,4.0,0.0,39.0,0.0,40.852673,201137.94,9.0,0.0,0.0,38.89239
4.0,11.0,2.0,12.0,5.0,4.0,0.0,39.0,1.0,46.746597,200663.56,9.0,0.0,0.0,39.502266
4.0,5.0,4.0,8.0,3.0,4.0,0.0,39.0,0.0,42.771317,201079.17,6.0,0.0,0.0,37.184086
4.0,11.0,2.0,12.0,5.0,4.0,0.0,39.0,1.0,46.000004,200569.03,9.0,0.0,0.0,40.000004
4.0,11.0,4.0,8.0,3.0,4.0,0.0,39.0,1.0,35.37327,201174.75,9.0,0.0,0.0,43.20753
4.0,9.0,2.0,10.0,0.0,4.0,1.0,39.0,1.0,38.239616,97499.48,13.0,1618.1538,0.0,42.217255
4.0,9.0,2.0,4.0,0.0,4.0,1.0,39.0,2.0,41.175117,102542.53,13.0,0.0,0.0,40.0
4.0,9.0,2.0,10.0,0.0,4.0,1.0,39.0,1.0,37.563305,98300.44,13.0,736.15814,0.0,41.00871
4.0,9.0,2.0,4.0,0.0,4.0,1.0,39.0,2.0,43.999996,104439.99,13.0,0.0,0.0,39.999996
4.0,9.0,2.0,10.0,0.0,4.0,1.0,39.0,2.0,37.550125,102046.25,13.0,2072.121,0.0,42.839306
4.0,9.0,2.0,4.0,0.0,4.0,1.0,39.0,2.0,29.675236,192282.5,13.0,668.26874,0.0,44.261147
4.0,9.0,2.0,4.0,0.0,4.0,1.0,39.0,2.0,31.152534,194983.06,13.0,5236.3994,0.0,43.587555
4.0,9.0,2.0,4.0,0.0,4.0,1.0,39.0,2.0,29.867947,192525.52,13.0,1362.7065,0.0,43.37503
4.0,9.0,2.0,4.0,0.0,4.0,1.0,39.0,2.0,31.999998,194999.98,13.0,7297.9995,0.0,44.999996
4.0,9.0,2.0,4.0,0.0,4.0,1.0,39.0,3.0,31.26121,191814.33,13.0,1448.8237,0.0,46.13476
4.0,10.0,2.0,8.0,3.0,4.0,0.0,39.0,1.0,43.92112,193213.45,14.0,6051.0522,0.0,45.724632
4.0,12.0,2.0,8.0,4.0,4.0,0.0,39.0,1.0,51.6553,192987.14,14.0,2061.6003,0.0,24.12442
4.0,10.0,2.0,8.0,3.0,4.0,1.0,39.0,1.0,45.26255,193251.5,14.0,6220.928,0.0,43.324394
4.0,12.0,2.0,10.0,5.0,4.0,0.0,39.0,1.0,58.999996,193374.98,14.0,0.0,0.0,9.999999
4.0,10.0,0.0,10.0,4.0,4.0,1.0,39.0,2.0,52.65382,193767.62,14.0,7333.5664,0.0,42.06099
4.0,15.0,4.0,4.0,1.0,4.0,1.0,39.0,1.0,29.618055,75988.336,10.0,1054.7219,0.0,39.63092
4.0,15.0,0.0,4.0,4.0,4.0,0.0,39.0,0.0,32.762676,77142.58,10.0,0.0,0.0,37.175117
4.0,15.0,4.0,4.0,1.0,4.0,1.0,39.0,0.0,28.143688,76194.516,10.0,952.74896,0.0,37.25442
6.0,15.0,0.0,4.0,4.0,4.0,0.0,39.0,0.0,36.999996,76854.99,10.0,0.0,0.0,39.999996
4.0,15.0,4.0,4.0,1.0,4.0,1.0,39.0,0.0,32.889946,76486.875,10.0,1531.3906,0.0,43.689175
4.0,6.0,2.0,8.0,4.0,4.0,1.0,39.0,0.0,38.735474,97400.41,7.0,0.0,0.0,28.100363
4.0,11.0,4.0,8.0,4.0,4.0,0.0,39.0,0.0,55.12995,97009.516,9.0,0.0,0.0,33.69493
4.0,6.0,2.0,8.0,4.0,4.0,0.0,39.0,0.0,44.405617,97550.68,7.0,0.0,0.0,30.96969
4.0,11.0,6.0,8.0,4.0,4.0,0.0,39.0,0.0,53.999996,96791.99,9.0,0.0,0.0,31.999998
4.0,6.0,2.0,8.0,3.0,4.0,1.0,39.0,0.0,34.971703,97465.58,6.0,0.0,0.0,30.278473
4.0,11.0,2.0,6.0,0.0,4.0,1.0,39.0,1.0,36.910538,199435.03,9.0,0.0,0.0,44.981407
4.0,11.0,2.0,3.0,0.0,4.0,1.0,39.0,1.0,31.022581,198762.72,9.0,0.0,0.0,42.824883
4.0,11.0,2.0,6.0,0.0,4.0,1.0,39.0,1.0,33.19219,199374.98,9.0,0.0,0.0,46.35815
4.0,11.0,2.0,3.0,0.0,4.0,1.0,39.0,1.0,32.999996,198612.98,9.0,0.0,0.0,39.999996
4.0,11.0,2.0,6.0,0.0,4.0,1.0,39.0,1.0,40.727837,199102.08,9.0,0.0,0.0,41.415035
4.0,11.0,4.0,11.0,3.0,4.0,0.0,39.0,0.0,27.489584,190915.98,9.0,199.07047,0.0,43.172096
7.0,11.0,4.0,11.0,3.0,4.0,1.0,39.0,0.0,29.824883,192004.73,9.0,1559.8702,0.0,40.0
4.0,11.0,2.0,11.0,3.0,4.0,1.0,39.0,0.0,28.897013,191278.52,9.0,405.93643,0.0,42.86541
7.0,11.0,4.0,11.0,3.0,4.0,1.0,39.0,0.0,26.999998,192256.98,9.0,2173.9998,0.0,39.999996
4.0,11.0,2.0,11.0,3.0,4.0,1.0,39.0,0.0,26.434063,191138.67,9.0,431.58984,0.0,44.605694
4.0,7.0,4.0,7.0,3.0,4.0,1.0,39.0,0.0,26.358017,334366.06,9.0,0.0,0.0,39.125114
4.0,11.0,0.0,7.0,3.0,4.0,0.0,39.0,0.0,31.740091,338013.9,9.0,0.0,0.0,39.152534
4.0,7.0,4.0,7.0,3.0,4.0,1.0,39.0,0.0,27.35701,335760.38,9.0,0.0,0.0,39.01286
4.0,11.0,0.0,7.0,4.0,4.0,0.0,39.0,0.0,33.999996,340457.97,9.0,0.0,0.0,39.999996
4.0,11.0,4.0,7.0,3.0,4.0,1.0,39.0,0.0,29.607101,336444.16,9.0,0.0,0.0,42.131916
4.0,9.0,4.0,4.0,3.0,4.0,0.0,39.0,0.0,32.267967,160873.81,12.0,1486.7614,0.0,34.86802
4.0,15.0,4.0,4.0,1.0,4.0,0.0,21.0,2.0,40.090324,159957.44,10.0,0.0,0.0,37.175117
4.0,9.0,4.0,4.0,3.0,4.0,0.0,39.0,0.0,33.198746,160531.94,12.0,1343.0178,0.0,33.39778
4.0,15.0,4.0,4.0,1.0,4.0,0.0,21.0,2.0,47.999996,160646.98,10.0,0.0,0.0,39.999996
4.0,9.0,4.0,1.0,3.0,4.0,0.0,39.0,2.0,39.34431,160602.77,12.0,2158.685,0.0,40.534542
4.0,10.0,2.0,10.0,3.0,4.0,1.0,39.0,1.0,42.89462,193232.34,14.0,5645.315,0.0,43.65916
2.0,10.0,4.0,10.0,4.0,4.0,0.0,39.0,0.0,34.604607,192618.75,13.0,0.0,0.0,31.525349
4.0,10.0,2.0,10.0,3.0,4.0,0.0,39.0,1.0,40.93495,192943.61,14.0,3606.2622,0.0,39.18531
2.0,9.0,4.0,10.0,3.0,4.0,0.0,39.0,0.0,24.999998,192320.98,13.0,0.0,0.0,39.999996
4.0,10.0,2.0,10.0,3.0,4.0,1.0,39.0,2.0,41.127216,193092.19,14.0,7625.8584,0.0,50.341335
4.0,9.0,2.0,3.0,3.0,4.0,0.0,39.0,1.0,44.49698,184163.89,11.0,0.0,0.0,37.03662
4.0,9.0,2.0,10.0,1.0,4.0,0.0,39.0,1.0,45.175114,184095.88,11.0,0.0,0.0,35.762672
4.0,12.0,2.0,3.0,3.0,4.0,0.0,39.0,1.0,45.317932,184375.86,11.0,0.0,0.0,34.643394
4.0,8.0,0.0,13.0,1.0,4.0,0.0,39.0,1.0,47.999996,183609.98,11.0,0.0,0.0,39.999996
4.0,9.0,2.0,3.0,1.0,4.0,0.0,39.0,1.0,48.521454,184069.86,11.0,0.0,0.0,47.088833
4.0,6.0,4.0,8.0,3.0,2.0,0.0,39.0,0.0,25.860584,133149.17,6.0,0.0,0.0,36.66769
4.0,6.0,0.0,8.0,4.0,4.0,1.0,39.0,1.0,44.090324,133351.02,6.0,0.0,0.0,40.0
4.0,6.0,4.0,8.0,3.0,2.0,0.0,39.0,1.0,28.590195,133000.45,6.0,0.0,0.0,36.49278
4.0,0.0,0.0,14.0,4.0,4.0,1.0,39.0,1.0,51.999996,134189.98,6.0,0.0,0.0,39.999996
4.0,6.0,4.0,8.0,3.0,2.0,1.0,39.0,1.0,26.050747,133543.8,6.0,0.0,0.0,34.971695
4.0,15.0,4.0,8.0,2.0,4.0,1.0,39.0,1.0,24.758835,192313.28,10.0,0.0,0.0,38.168625
4.0,15.0,4.0,8.0,2.0,4.0,0.0,39.0,0.0,26.740093,191989.22,10.0,0.0,0.0,25.649769
4.0,15.0,4.0,8.0,3.0,4.0,1.0,39.0,1.0,24.673656,192247.48,10.0,0.0,0.0,36.265533
4.0,15.0,4.0,8.0,2.0,4.0,0.0,39.0,0.0,28.999998,192282.98,10.0,0.0,0.0,19.999998
4.0,15.0,4.0,8.0,2.0,4.0,0.0,39.0,1.0,25.389545,192477.58,10.0,0.0,0.0,36.029533
4.0,12.0,4.0,10.0,3.0,2.0,1.0,39.0,2.0,33.72139,317578.78,14.0,3524.7812,0.0,46.766556
4.0,9.0,4.0,12.0,3.0,2.0,0.0,39.0,0.0,27.519815,314156.9,13.0,0.0,0.0,34.887093
4.0,9.0,4.0,10.0,3.0,2.0,1.0,39.0,0.0,33.223568,316660.44,13.0,3137.4595,0.0,45.882435
4.0,9.0,4.0,12.0,3.0,2.0,0.0,39.0,0.0,22.999998,313572.97,13.0,0.0,0.0,24.999998
4.0,12.0,4.0,10.0,3.0,2.0,1.0,39.0,2.0,34.403976,316585.3,14.0,3967.338,0.0,45.959976
4.0,11.0,4.0,3.0,3.0,4.0,0.0,39.0,0.0,38.629784,201388.67,9.0,0.0,0.0,38.955425
4.0,5.0,4.0,8.0,1.0,4.0,0.0,39.0,1.0,50.93779,201393.77,6.0,0.0,0.0,26.259907
4.0,11.0,4.0,3.0,3.0,4.0,0.0,39.0,0.0,39.112263,201520.55,9.0,0.0,0.0,35.59329
4.0,5.0,5.0,8.0,1.0,4.0,0.0,39.0,1.0,57.999996,201010.98,4.0,0.0,0.0,23.999998
4.0,11.0,4.0,8.0,3.0,4.0,0.0,39.0,0.0,37.79299,201317.69,9.0,0.0,0.0,39.207104
4.0,9.0,4.0,8.0,1.0,4.0,0.0,39.0,0.0,41.64531,251876.34,11.0,0.0,0.0,31.581146
2.0,9.0,4.0,8.0,4.0,2.0,0.0,39.0,1.0,36.480186,246972.84,13.0,0.0,0.0,40.0
4.0,9.0,4.0,8.0,1.0,4.0,0.0,39.0,0.0,40.825348,250157.9,11.0,0.0,0.0,32.94893
2.0,9.0,4.0,10.0,4.0,2.0,0.0,39.0,1.0,40.999996,248747.98,13.0,0.0,0.0,39.999996
4.0,9.0,4.0,8.0,1.0,4.0,0.0,39.0,0.0,47.94942,253303.28,11.0,0.0,0.0,29.368982
4.0,9.0,2.0,10.0,0.0,4.0,1.0,39.0,2.0,40.70766,364756.28,13.0,0.0,425.74017,47.67621
6.0,9.0,2.0,10.0,0.0,4.0,1.0,39.0,2.0,46.350235,351920.62,13.0,0.0,682.2095,56.61014
4.0,9.0,2.0,10.0,0.0,4.0,1.0,39.0,2.0,41.19648,365784.0,13.0,0.0,634.38635,47.85337
6.0,9.0,2.0,10.0,0.0,4.0,1.0,39.0,2.0,51.999996,334272.97,13.0,0.0,0.0,59.999996
4.0,9.0,2.0,10.0,0.0,4.0,1.0,39.0,2.0,37.10619,352538.66,13.0,0.0,137.60207,50.104897
4.0,15.0,2.0,7.0,0.0,4.0,1.0,39.0,0.0,37.13223,157428.16,10.0,688.94104,0.0,47.54579
4.0,15.0,2.0,11.0,0.0,4.0,1.0,39.0,2.0,48.06774,157663.45,10.0,1103.9647,0.0,40.0
4.0,15.0,2.0,8.0,0.0,4.0,1.0,39.0,0.0,37.3743,157552.48,10.0,1026.5764,0.0,44.06068
4.0,15.0,2.0,11.0,0.0,4.0,1.0,39.0,2.0,53.999996,159754.98,10.0,0.0,0.0,39.999996
4.0,15.0,2.0,7.0,0.0,4.0,1.0,39.0,2.0,43.37751,157490.22,10.0,222.67035,0.0,55.426434
4.0,11.0,2.0,3.0,0.0,4.0,1.0,39.0,1.0,33.284904,109995.87,9.0,995.08655,0.0,42.87153
4.0,11.0,2.0,3.0,0.0,4.0,1.0,39.0,0.0,46.802303,109671.22,9.0,0.0,0.0,42.824883
4.0,11.0,2.0,3.0,0.0,4.0,1.0,39.0,0.0,37.448044,109820.29,9.0,898.8793,0.0,43.13121
4.0,11.0,2.0,3.0,0.0,4.0,1.0,39.0,0.0,41.999996,110027.99,9.0,0.0,0.0,39.999996
4.0,11.0,2.0,3.0,0.0,4.0,1.0,39.0,1.0,30.703375,109964.92,9.0,1444.8037,0.0,41.989437
4.0,9.0,2.0,10.0,0.0,4.0,1.0,39.0,0.0,36.023888,109997.66,13.0,0.0,0.0,51.17713
6.0,9.0,2.0,4.0,0.0,4.0,1.0,39.0,0.0,42.480186,110027.22,13.0,0.0,0.0,55.64977
4.0,9.0,2.0,4.0,0.0,4.0,1.0,39.0,0.0,37.154182,109994.25,13.0,0.0,0.0,53.51573
6.0,9.0,2.0,4.0,0.0,4.0,1.0,39.0,0.0,46.999996,109420.99,13.0,0.0,0.0,49.999996
4.0,9.0,2.0,4.0,0.0,4.0,1.0,39.0,0.0,35.734722,110462.695,13.0,0.0,0.0,45.11423
4.0,15.0,2.0,3.0,0.0,4.0,1.0,39.0,2.0,39.392857,110282.23,10.0,2314.9956,0.0,41.147778
6.0,15.0,5.0,3.0,1.0,4.0,1.0,39.0,0.0,31.649769,108661.53,10.0,0.0,0.0,32.824883
4.0,15.0,2.0,3.0,0.0,4.0,1.0,39.0,0.0,39.607548,109921.98,10.0,2091.1765,0.0,40.49382
6.0,15.0,5.0,3.0,1.0,4.0,1.0,39.0,0.0,25.999998,109608.99,10.0,0.0,0.0,29.999998
4.0,15.0,2.0,3.0,0.0,4.0,1.0,39.0,0.0,34.899883,111062.67,10.0,3361.2297,0.0,41.200806
4.0,11.0,2.0,3.0,0.0,4.0,1.0,39.0,1.0,41.978592,54326.46,9.0,0.0,0.0,40.352577
4.0,11.0,2.0,3.0,0.0,4.0,1.0,39.0,1.0,54.977417,48950.816,9.0,0.0,0.0,40.56498
4.0,11.0,2.0,3.0,0.0,4.0,1.0,39.0,1.0,45.850098,53152.145,9.0,0.0,0.0,40.525368
4.0,11.0,2.0,3.0,0.0,4.0,1.0,39.0,0.0,52.999996,47395.996,9.0,0.0,0.0,39.999996
4.0,11.0,2.0,3.0,0.0,4.0,1.0,39.0,1.0,41.09565,50451.133,9.0,0.0,0.0,40.113964
4.0,12.0,4.0,10.0,4.0,4.0,1.0,39.0,2.0,40.356907,319921.06,14.0,4995.483,0.0,49.29066
4.0,14.0,4.0,10.0,1.0,4.0,1.0,39.0,2.0,43.587555,329480.38,15.0,0.0,0.0,40.0
4.0,12.0,4.0,10.0,4.0,4.0,1.0,39.0,2.0,39.95903,323286.7,14.0,2921.1086,0.0,46.26789
4.0,14.0,4.0,10.0,1.0,4.0,1.0,39.0,2.0,44.999996,327885.97,15.0,0.0,0.0,39.999996
4.0,12.0,4.0,10.0,4.0,4.0,1.0,39.0,2.0,40.784576,319311.97,14.0,4265.764,0.0,49.363155
4.0,15.0,4.0,12.0,2.0,4.0,1.0,39.0,0.0,24.835028,262843.7,10.0,0.0,0.0,34.49755
4.0,8.0,4.0,8.0,3.0,4.0,0.0,39.0,0.0,25.457603,263402.56,11.0,0.0,0.0,35.762672
4.0,15.0,4.0,12.0,2.0,4.0,0.0,39.0,0.0,24.78387,262460.03,10.0,0.0,0.0,32.483765
4.0,8.0,4.0,6.0,3.0,4.0,0.0,39.0,0.0,27.999998,265627.97,11.0,0.0,0.0,39.999996
4.0,15.0,4.0,12.0,1.0,4.0,1.0,39.0,0.0,24.862482,261762.78,10.0,0.0,0.0,34.615536
4.0,15.0,4.0,8.0,2.0,4.0,0.0,39.0,1.0,25.683765,192181.22,10.0,0.0,0.0,33.655807
4.0,15.0,4.0,3.0,3.0,4.0,1.0,39.0,1.0,24.587559,192180.06,10.0,0.0,0.0,40.0
4.0,15.0,4.0,8.0,3.0,4.0,1.0,39.0,0.0,25.219835,192149.25,10.0,0.0,0.0,34.269176
4.0,15.0,4.0,3.0,3.0,4.0,1.0,39.0,1.0,25.999998,192548.98,10.0,0.0,0.0,39.999996
4.0,15.0,4.0,8.0,2.0,4.0,1.0,39.0,0.0,27.096817,192140.28,10.0,0.0,0.0,30.788631
4.0,11.0,2.0,6.0,0.0,4.0,1.0,39.0,1.0,42.235825,236334.98,9.0,0.0,0.0,38.413948
4.0,11.0,2.0,6.0,0.0,2.0,1.0,39.0,1.0,60.847466,235723.69,9.0,0.0,0.0,40.0
4.0,11.0,2.0,6.0,0.0,4.0,1.0,39.0,1.0,47.345566,235572.03,9.0,0.0,0.0,38.56729
4.0,11.0,2.0,7.0,0.0,2.0,1.0,39.0,1.0,59.999996,241012.98,9.0,0.0,0.0,39.999996
4.0,11.0,2.0,6.0,0.0,4.0,1.0,39.0,0.0,34.78864,235587.94,9.0,0.0,0.0,37.697163
4.0,12.0,4.0,10.0,2.0,4.0,1.0,39.0,1.0,27.623383,140439.62,12.0,1618.1538,0.0,38.2371
4.0,15.0,4.0,1.0,3.0,4.0,1.0,39.0,0.0,20.564978,139578.12,10.0,0.0,0.0,37.175117
4.0,12.0,4.0,1.0,2.0,4.0,0.0,39.0,0.0,25.556562,140342.67,12.0,736.15814,0.0,37.37314
4.0,15.0,4.0,1.0,3.0,4.0,1.0,39.0,0.0,19.999998,140000.98,10.0,0.0,0.0,39.999996
4.0,9.0,4.0,10.0,2.0,4.0,0.0,39.0,1.0,28.978596,140974.1,12.0,2072.121,0.0,39.430225
6.0,11.0,2.0,3.0,1.0,4.0,1.0,39.0,1.0,42.123306,34968.586,9.0,3885.4302,571.22455,40.803135
4.0,11.0,0.0,3.0,1.0,4.0,1.0,39.0,0.0,43.779724,34508.805,9.0,6226.0444,1197.5269,50.762672
6.0,11.0,2.0,3.0,1.0,4.0,1.0,39.0,0.0,44.496857,34732.906,9.0,5789.5967,501.98517,44.04699
4.0,11.0,0.0,3.0,1.0,4.0,1.0,39.0,0.0,36.999996,35329.996,9.0,0.0,1668.9999,54.999996
6.0,11.0,2.0,1.0,1.0,4.0,1.0,39.0,1.0,39.5346,34719.094,9.0,1255.797,867.11145,37.299255
4.0,10.0,2.0,10.0,1.0,4.0,1.0,39.0,2.0,40.12538,131362.31,14.0,2356.8674,306.92078,49.96632
4.0,12.0,2.0,10.0,0.0,4.0,1.0,39.0,2.0,45.74009,132155.9,14.0,0.0,491.81232,43.587555
4.0,10.0,2.0,10.0,1.0,4.0,1.0,39.0,2.0,42.27179,131915.64,14.0,2129.0,457.3361,47.66839
4.0,12.0,2.0,10.0,0.0,4.0,1.0,39.0,2.0,47.999996,131308.98,14.0,0.0,0.0,44.999996
4.0,10.0,2.0,10.0,1.0,4.0,1.0,39.0,2.0,42.042217,131364.28,14.0,3422.0247,99.198845,45.251568
4.0,12.0,4.0,10.0,1.0,4.0,0.0,39.0,1.0,37.077957,98673.21,13.0,0.0,0.0,42.603134
4.0,15.0,0.0,1.0,1.0,4.0,0.0,39.0,1.0,71.76267,99002.625,10.0,0.0,0.0,25.649769
4.0,12.0,4.0,10.0,1.0,4.0,0.0,39.0,1.0,44.98114,98659.74,13.0,0.0,0.0,38.282955
4.0,15.0,0.0,1.0,1.0,4.0,0.0,39.0,0.0,75.99999,98694.99,10.0,0.0,0.0,19.999998
4.0,12.0,4.0,10.0,1.0,4.0,0.0,39.0,0.0,37.352543,98057.14,13.0,0.0,0.0,41.708138
4.0,9.0,2.0,4.0,0.0,4.0,1.0,39.0,3.0,42.705982,225459.27,13.0,18991.822,0.0,44.87824
2.0,9.0,2.0,10.0,0.0,4.0,1.0,39.0,3.0,38.457603,223874.12,13.0,33764.79,0.0,45.64977
4.0,9.0,2.0,4.0,0.0,4.0,1.0,39.0,3.0,43.246155,225029.94,13.0,28260.455,0.0,46.395966
2.0,9.0,2.0,10.0,0.0,4.0,1.0,39.0,3.0,40.999996,223409.98,13.0,7687.9995,0.0,39.999996
4.0,9.0,2.0,10.0,0.0,4.0,1.0,39.0,3.0,46.997967,226972.33,13.0,7223.999,0.0,41.13957
4.0,9.0,2.0,4.0,0.0,4.0,1.0,39.0,3.0,41.471153,224424.95,13.0,25212.375,0.0,45.66854
2.0,9.0,2.0,1.0,0.0,4.0,1.0,39.0,0.0,28.389862,225530.05,13.0,963.56793,0.0,41.977417
4.0,9.0,2.0,4.0,0.0,4.0,1.0,39.0,3.0,39.970123,224175.16,13.0,13185.971,0.0,43.856224
2.0,9.0,2.0,1.0,0.0,4.0,1.0,39.0,0.0,24.999998,227885.98,13.0,0.0,0.0,39.999996
2.0,9.0,2.0,4.0,0.0,4.0,1.0,39.0,3.0,35.040344,224544.95,13.0,32127.92,0.0,46.077454
4.0,2.0,4.0,12.0,3.0,4.0,0.0,39.0,0.0,39.491455,407940.78,6.0,0.0,0.0,32.458015
4.0,11.0,0.0,8.0,3.0,4.0,0.0,39.0,1.0,20.50354,417276.47,9.0,0.0,0.0,28.77655
4.0,5.0,4.0,12.0,3.0,4.0,0.0,39.0,0.0,37.321117,410209.44,7.0,0.0,0.0,34.428158
4.0,11.0,0.0,8.0,4.0,4.0,0.0,39.0,1.0,19.999998,419983.97,9.0,0.0,0.0,24.999998
4.0,5.0,4.0,8.0,4.0,2.0,0.0,39.0,0.0,44.10916,406835.5,6.0,0.0,0.0,28.409088
4.0,11.0,3.0,8.0,3.0,2.0,1.0,39.0,0.0,31.610825,67147.15,9.0,0.0,0.0,42.829857
4.0,11.0,4.0,8.0,1.0,0.0,1.0,39.0,0.0,33.28717,66170.5,9.0,0.0,0.0,32.5177
4.0,11.0,4.0,8.0,3.0,2.0,1.0,39.0,0.0,32.165306,67235.89,9.0,0.0,0.0,42.751896
4.0,11.0,4.0,8.0,1.0,0.0,1.0,39.0,0.0,27.999998,65388.996,9.0,0.0,0.0,29.999998
4.0,11.0,3.0,12.0,3.0,4.0,1.0,39.0,0.0,29.026793,66539.03,9.0,0.0,0.0,43.473118
4.0,11.0,4.0,6.0,3.0,4.0,1.0,39.0,1.0,31.10568,223762.81,9.0,0.0,0.0,44.93108
4.0,11.0,4.0,1.0,3.0,4.0,1.0,39.0,0.0,36.216373,220447.53,9.0,0.0,0.0,40.0
4.0,11.0,4.0,1.0,3.0,4.0,1.0,39.0,1.0,31.198334,223241.19,9.0,0.0,0.0,41.667255
4.0,11.0,4.0,1.0,3.0,4.0,1.0,39.0,0.0,40.999996,219590.98,9.0,0.0,0.0,39.999996
4.0,11.0,4.0,6.0,3.0,4.0,1.0,39.0,1.0,29.624266,223566.27,9.0,0.0,0.0,47.752956
4.0,15.0,2.0,4.0,0.0,4.0,1.0,39.0,0.0,48.54338,209380.08,10.0,0.0,0.0,35.933983
5.0,15.0,2.0,3.0,0.0,4.0,1.0,39.0,2.0,44.475224,212301.11,10.0,0.0,0.0,40.0
4.0,15.0,2.0,4.0,0.0,4.0,1.0,39.0,2.0,48.02194,209665.22,10.0,0.0,0.0,34.51365
5.0,15.0,2.0,4.0,0.0,4.0,1.0,39.0,2.0,47.999996,213139.98,10.0,0.0,0.0,39.999996
4.0,15.0,2.0,11.0,0.0,4.0,1.0,39.0,0.0,52.48189,209564.83,10.0,0.0,0.0,34.493515
4.0,11.0,2.0,8.0,2.0,4.0,1.0,39.0,0.0,31.964464,288733.38,9.0,0.0,772.2477,58.32966
4.0,7.0,2.0,13.0,1.0,4.0,1.0,39.0,1.0,29.482302,287649.5,12.0,0.0,0.0,41.49646
4.0,11.0,2.0,8.0,2.0,4.0,1.0,39.0,0.0,28.768648,288571.25,9.0,0.0,647.93744,53.48081
4.0,7.0,2.0,13.0,0.0,4.0,1.0,39.0,2.0,31.999998,286688.97,12.0,0.0,0.0,41.999996
4.0,11.0,0.0,4.0,2.0,4.0,1.0,39.0,1.0,37.7728,288694.62,9.0,0.0,1130.7848,68.615326
4.0,12.0,2.0,10.0,1.0,4.0,1.0,39.0,2.0,45.57252,360456.7,14.0,24862.402,0.0,34.58431
4.0,12.0,2.0,10.0,1.0,4.0,1.0,39.0,2.0,39.50354,364499.88,14.0,0.0,0.0,43.74115
4.0,12.0,2.0,10.0,1.0,4.0,1.0,39.0,2.0,46.561264,361007.56,14.0,10980.119,0.0,35.034943
4.0,12.0,2.0,10.0,0.0,4.0,1.0,39.0,1.0,38.999996,370031.97,14.0,0.0,0.0,44.999996
6.0,14.0,2.0,10.0,0.0,4.0,1.0,39.0,2.0,39.714462,362479.25,15.0,38535.406,0.0,40.94545
2.0,12.0,3.0,8.0,3.0,4.0,1.0,39.0,1.0,33.214077,291001.03,10.0,1557.7781,0.0,34.055412
4.0,15.0,0.0,8.0,1.0,2.0,0.0,6.0,1.0,33.50354,291200.16,10.0,2168.746,0.0,32.5177
2.0,15.0,3.0,8.0,3.0,4.0,1.0,39.0,1.0,33.979607,291099.7,10.0,2346.7153,0.0,33.10625
4.0,15.0,0.0,8.0,1.0,2.0,0.0,6.0,1.0,32.999996,292602.97,10.0,0.0,0.0,29.999998
4.0,12.0,3.0,10.0,3.0,4.0,0.0,39.0,0.0,36.40909,291122.22,10.0,0.0,0.0,38.109085
4.0,10.0,2.0,10.0,1.0,1.0,0.0,37.0,2.0,51.3315,123980.25,14.0,14569.57,0.0,47.90658
4.0,14.0,2.0,10.0,0.0,4.0,1.0,39.0,2.0,53.02124,147970.94,15.0,76991.016,0.0,71.18805
2.0,12.0,2.0,10.0,1.0,4.0,0.0,39.0,2.0,52.500973,127185.516,14.0,24308.588,0.0,52.11329
5.0,14.0,2.0,10.0,0.0,4.0,1.0,39.0,2.0,49.999996,158293.98,15.0,99998.99,0.0,79.99999
4.0,12.0,2.0,10.0,1.0,1.0,1.0,37.0,2.0,45.040314,128610.61,15.0,22563.688,0.0,47.563637
4.0,10.0,2.0,10.0,3.0,4.0,1.0,39.0,1.0,46.389412,193591.95,14.0,6412.24,0.0,41.20807
4.0,9.0,4.0,13.0,1.0,4.0,0.0,39.0,0.0,29.489382,192927.81,13.0,0.0,0.0,41.49646
4.0,10.0,2.0,10.0,3.0,4.0,0.0,39.0,1.0,40.47875,193363.69,14.0,5588.982,0.0,44.771145
4.0,9.0,4.0,13.0,1.0,4.0,0.0,39.0,0.0,30.999998,193131.98,13.0,0.0,0.0,41.999996
4.0,10.0,2.0,10.0,4.0,4.0,1.0,39.0,1.0,55.207817,194314.6,14.0,7521.872,0.0,36.08253
4.0,11.0,4.0,7.0,3.0,4.0,1.0,39.0,0.0,29.451725,354150.62,9.0,0.0,0.0,37.174892
4.0,11.0,0.0,7.0,4.0,4.0,0.0,39.0,0.0,32.99292,345835.56,9.0,0.0,0.0,36.22345
4.0,11.0,4.0,7.0,3.0,4.0,1.0,39.0,0.0,31.09723,353468.72,9.0,0.0,0.0,36.456337
4.0,11.0,0.0,7.0,4.0,4.0,0.0,39.0,0.0,33.999996,340457.97,9.0,0.0,0.0,39.999996
6.0,11.0,4.0,10.0,3.0,4.0,1.0,39.0,0.0,28.84743,354512.06,9.0,0.0,0.0,38.449406
4.0,9.0,2.0,4.0,0.0,4.0,1.0,39.0,2.0,46.14596,154273.53,13.0,865.10846,343.96262,37.92894
4.0,9.0,2.0,4.0,0.0,4.0,1.0,39.0,2.0,58.726994,152546.05,13.0,0.0,478.8664,50.000004
4.0,9.0,2.0,4.0,0.0,4.0,1.0,39.0,2.0,46.168484,152931.9,13.0,292.5032,518.1626,43.04384
4.0,9.0,2.0,4.0,0.0,4.0,1.0,39.0,2.0,61.999996,153890.98,13.0,0.0,0.0,49.999996
4.0,9.0,2.0,4.0,0.0,2.0,1.0,39.0,2.0,51.674065,155740.44,13.0,1360.1793,0.0,34.137947
0.0,1.0,4.0,1.0,3.0,4.0,1.0,39.0,0.0,26.083559,343379.0,7.0,0.0,0.0,39.3041
0.0,1.0,4.0,0.0,4.0,2.0,0.0,39.0,0.0,18.50354,342138.97,7.0,0.0,0.0,47.482304
0.0,1.0,4.0,1.0,3.0,4.0,1.0,39.0,0.0,24.059807,344058.06,7.0,0.0,0.0,40.234306
0.0,1.0,4.0,0.0,4.0,2.0,0.0,39.0,0.0,17.999998,340116.97,7.0,0.0,0.0,49.999996
0.0,1.0,4.0,0.0,3.0,4.0,1.0,39.0,0.0,23.27201,341966.1,7.0,0.0,0.0,41.890907
4.0,11.0,2.0,12.0,0.0,4.0,1.0,39.0,2.0,42.64245,117001.04,9.0,11835.628,0.0,46.840103
4.0,11.0,2.0,4.0,0.0,4.0,1.0,39.0,2.0,51.237614,96362.875,9.0,76659.68,0.0,40.0
4.0,11.0,2.0,12.0,0.0,4.0,1.0,39.0,2.0,41.8599,114557.53,9.0,21855.895,0.0,45.73904
4.0,11.0,2.0,4.0,0.0,4.0,1.0,39.0,2.0,52.999996,88841.99,9.0,99998.99,0.0,39.999996
4.0,11.0,2.0,12.0,0.0,4.0,1.0,39.0,0.0,46.276043,113983.39,9.0,18908.918,0.0,50.015804
4.0,11.0,2.0,8.0,0.0,4.0,1.0,39.0,0.0,43.641777,126527.664,9.0,0.0,0.0,50.456955
4.0,11.0,2.0,8.0,0.0,4.0,1.0,39.0,0.0,50.209293,125319.61,9.0,0.0,0.0,45.0354
4.0,11.0,2.0,8.0,0.0,4.0,1.0,39.0,0.0,44.583553,126463.19,9.0,0.0,0.0,51.18765
4.0,11.0,2.0,7.0,0.0,4.0,1.0,39.0,0.0,55.999996,124770.99,9.0,0.0,0.0,39.999996
4.0,11.0,2.0,7.0,0.0,4.0,1.0,39.0,0.0,48.36648,126230.734,9.0,0.0,0.0,50.015804
4.0,15.0,4.0,8.0,1.0,4.0,1.0,39.0,0.0,29.119,236869.97,10.0,0.0,311.2301,28.556828
4.0,15.0,4.0,9.0,1.0,4.0,1.0,39.0,1.0,25.741152,239204.72,10.0,0.0,433.29605,34.9646
4.0,15.0,4.0,8.0,3.0,4.0,1.0,39.0,0.0,28.762697,237197.66,10.0,0.0,468.8527,28.478905
4.0,15.0,4.0,12.0,1.0,4.0,1.0,39.0,1.0,26.999998,240171.98,10.0,0.0,0.0,39.999996
4.0,15.0,4.0,9.0,1.0,4.0,1.0,39.0,0.0,25.306955,236908.28,10.0,0.0,0.0,28.433596
4.0,10.0,2.0,10.0,2.0,2.0,0.0,39.0,1.0,48.02585,120668.25,14.0,1319.7893,0.0,35.134853
4.0,9.0,4.0,8.0,3.0,2.0,0.0,39.0,1.0,36.25177,120695.195,14.0,1837.417,0.0,36.25885
4.0,10.0,2.0,10.0,2.0,2.0,0.0,37.0,1.0,48.137905,120784.484,14.0,1988.197,0.0,37.53942
4.0,9.0,5.0,8.0,4.0,2.0,0.0,39.0,0.0,35.999996,119956.99,13.0,0.0,0.0,34.999996
4.0,10.0,2.0,10.0,2.0,4.0,0.0,39.0,1.0,48.18442,120300.06,14.0,0.0,0.0,32.231934
4.0,9.0,2.0,4.0,0.0,4.0,1.0,39.0,2.0,36.129837,201604.7,13.0,0.0,0.0,42.59949
4.0,9.0,2.0,1.0,0.0,4.0,1.0,39.0,0.0,43.23761,199962.92,13.0,0.0,0.0,23.811947
4.0,9.0,2.0,4.0,0.0,4.0,1.0,39.0,2.0,37.487503,200246.44,13.0,0.0,0.0,40.62685
4.0,9.0,2.0,1.0,0.0,4.0,1.0,39.0,0.0,44.999996,199831.98,13.0,0.0,0.0,14.999999
4.0,9.0,2.0,4.0,0.0,4.0,1.0,39.0,2.0,34.697075,201553.72,13.0,0.0,0.0,40.28062
4.0,15.0,4.0,10.0,3.0,4.0,0.0,39.0,0.0,32.673847,32173.736,10.0,0.0,0.0,29.873465
4.0,15.0,4.0,12.0,3.0,4.0,0.0,39.0,0.0,29.804867,29746.305,10.0,0.0,0.0,32.5177
4.0,15.0,4.0,10.0,3.0,4.0,0.0,39.0,0.0,35.826744,31377.87,10.0,0.0,0.0,32.37513
4.0,15.0,4.0,14.0,3.0,4.0,0.0,39.0,0.0,21.999998,29809.998,10.0,0.0,0.0,29.999998
0.0,15.0,4.0,10.0,3.0,4.0,1.0,39.0,0.0,20.187508,32636.033,10.0,0.0,0.0,24.39486
4.0,11.0,4.0,7.0,3.0,4.0,1.0,39.0,0.0,33.60061,358723.12,9.0,0.0,0.0,32.74401
4.0,7.0,5.0,14.0,1.0,4.0,1.0,39.0,0.0,27.978762,345014.06,12.0,0.0,0.0,42.4823
4.0,11.0,4.0,7.0,3.0,4.0,1.0,39.0,0.0,32.308975,356064.97,10.0,0.0,0.0,33.57448
4.0,7.0,5.0,14.0,1.0,4.0,1.0,39.0,0.0,30.999998,342729.97,12.0,0.0,0.0,44.999996
4.0,11.0,4.0,7.0,3.0,4.0,1.0,39.0,0.0,31.119442,358108.56,10.0,0.0,0.0,33.433594
4.0,11.0,2.0,4.0,3.0,4.0,0.0,39.0,1.0,38.767124,183636.72,9.0,0.0,0.0,33.3801
4.0,11.0,0.0,1.0,3.0,4.0,0.0,39.0,1.0,30.26593,183724.78,9.0,0.0,0.0,41.25885
4.0,11.0,2.0,3.0,3.0,4.0,0.0,39.0,1.0,37.31687,183598.55,9.0,0.0,0.0,35.049213
4.0,11.0,0.0,1.0,1.0,4.0,0.0,39.0,0.0,27.999998,184077.98,9.0,0.0,0.0,39.999996
4.0,11.0,2.0,4.0,3.0,4.0,0.0,39.0,0.0,40.80687,184085.53,9.0,0.0,0.0,28.982607
4.0,11.0,2.0,3.0,0.0,4.0,1.0,39.0,1.0,36.03744,198680.11,9.0,0.0,0.0,45.86257
4.0,11.0,2.0,10.0,0.0,4.0,1.0,39.0,1.0,53.453983,198931.44,9.0,0.0,0.0,34.53186
4.0,11.0,2.0,6.0,0.0,4.0,1.0,39.0,1.0,39.571922,198705.8,9.0,0.0,0.0,44.364525
4.0,11.0,2.0,10.0,0.0,4.0,1.0,39.0,0.0,59.999996,198726.98,9.0,0.0,0.0,29.999998
4.0,11.0,2.0,6.0,0.0,4.0,1.0,39.0,1.0,35.934624,198798.89,9.0,0.0,0.0,41.21027
5.0,5.0,2.0,7.0,0.0,4.0,1.0,39.0,1.0,47.908894,315699.28,4.0,0.0,0.0,38.20909
5.0,11.0,2.0,12.0,0.0,4.0,1.0,39.0,1.0,46.05664,316519.7,9.0,0.0,0.0,60.376106
5.0,5.0,2.0,7.0,0.0,4.0,1.0,39.0,1.0,48.7357,316851.38,4.0,0.0,0.0,38.832027
5.0,11.0,2.0,12.0,0.0,4.0,1.0,39.0,1.0,37.999996,314006.97,9.0,0.0,0.0,77.99999
4.0,5.0,2.0,7.0,0.0,4.0,1.0,39.0,1.0,44.845604,314244.5,4.0,0.0,0.0,47.185455
4.0,15.0,4.0,7.0,3.0,4.0,0.0,39.0,0.0,37.238968,53295.676,10.0,0.0,0.0,21.329132
0.0,15.0,4.0,0.0,3.0,4.0,1.0,39.0,0.0,27.049559,56640.742,10.0,0.0,0.0,21.294249
4.0,15.0,4.0,7.0,3.0,4.0,1.0,39.0,0.0,38.432888,53390.145,10.0,0.0,0.0,20.514177
0.0,15.0,4.0,0.0,3.0,4.0,1.0,39.0,0.0,19.999998,58739.996,10.0,0.0,0.0,14.999999
4.0,1.0,4.0,7.0,3.0,4.0,0.0,39.0,0.0,22.219048,54380.6,7.0,0.0,0.0,21.25059
4.0,15.0,4.0,8.0,3.0,4.0,0.0,39.0,0.0,22.61051,401885.66,10.0,0.0,0.0,26.067516
4.0,15.0,4.0,1.0,1.0,4.0,0.0,39.0,0.0,18.50354,430671.75,10.0,0.0,0.0,17.4823
4.0,15.0,4.0,8.0,3.0,4.0,0.0,39.0,0.0,22.208548,404138.5,10.0,0.0,0.0,24.148815
4.0,15.0,4.0,1.0,1.0,4.0,0.0,39.0,0.0,17.999998,447881.97,10.0,0.0,0.0,19.999998
4.0,15.0,5.0,8.0,3.0,4.0,0.0,26.0,0.0,24.200155,411162.25,10.0,0.0,0.0,33.473118
4.0,15.0,4.0,5.0,1.0,4.0,0.0,39.0,1.0,37.833744,323252.4,10.0,0.0,0.0,35.816555
4.0,15.0,4.0,10.0,3.0,4.0,1.0,39.0,0.0,26.79071,325730.66,10.0,0.0,0.0,36.25885
4.0,15.0,4.0,5.0,3.0,4.0,1.0,39.0,0.0,37.26569,322965.0,10.0,0.0,0.0,37.30526
4.0,15.0,4.0,13.0,3.0,4.0,1.0,39.0,0.0,20.999998,325922.97,10.0,0.0,0.0,34.999996
1.0,15.0,5.0,5.0,1.0,2.0,0.0,39.0,1.0,39.19612,322350.03,10.0,0.0,0.0,34.402763
4.0,15.0,2.0,7.0,0.0,4.0,1.0,39.0,2.0,44.543854,257718.25,10.0,0.0,156.16177,36.977604
5.0,15.0,2.0,7.0,0.0,1.0,1.0,0.0,2.0,39.81195,254401.53,10.0,0.0,1111.1217,42.915047
5.0,15.0,2.0,7.0,0.0,4.0,1.0,39.0,0.0,48.22169,258407.17,10.0,0.0,295.03824,35.13779
4.0,15.0,2.0,8.0,0.0,1.0,1.0,0.0,2.0,30.999998,251658.98,10.0,0.0,1484.9999,54.999996
4.0,15.0,2.0,8.0,0.0,4.0,1.0,39.0,2.0,34.719208,256187.92,10.0,0.0,280.80023,44.839523
4.0,9.0,2.0,10.0,0.0,4.0,1.0,39.0,2.0,28.668947,193389.1,13.0,1275.3226,0.0,43.371975
4.0,9.0,2.0,4.0,0.0,4.0,1.0,39.0,2.0,31.244692,189608.88,13.0,0.0,0.0,43.74115
4.0,9.0,2.0,4.0,0.0,4.0,1.0,39.0,2.0,29.040665,192803.45,13.0,1278.9639,0.0,42.536537
4.0,9.0,2.0,4.0,0.0,4.0,1.0,39.0,3.0,31.999998,187814.98,13.0,0.0,0.0,44.999996
4.0,9.0,2.0,10.0,0.0,4.0,1.0,39.0,2.0,27.874228,192414.33,13.0,0.0,0.0,44.046635
4.0,5.0,0.0,5.0,3.0,4.0,0.0,39.0,0.0,40.761517,25274.752,7.0,0.0,0.0,42.86002
6.0,1.0,4.0,3.0,1.0,4.0,1.0,39.0,0.0,40.30841,27157.906,6.0,0.0,0.0,50.000004
4.0,5.0,4.0,5.0,3.0,4.0,0.0,39.0,0.0,42.387726,25708.855,7.0,0.0,0.0,44.711094
4.0,0.0,4.0,3.0,1.0,4.0,1.0,39.0,0.0,31.999998,27206.998,6.0,0.0,0.0,49.999996
4.0,11.0,0.0,1.0,3.0,0.0,0.0,39.0,1.0,36.794224,23643.809,9.0,0.0,0.0,41.890907
4.0,15.0,2.0,10.0,0.0,4.0,1.0,39.0,0.0,40.788345,86492.05,10.0,474.05875,0.0,53.436474
6.0,15.0,2.0,5.0,0.0,4.0,1.0,39.0,1.0,43.24469,91088.0,10.0,3373.0212,0.0,66.9646
4.0,15.0,2.0,10.0,0.0,4.0,1.0,39.0,1.0,42.622883,89033.266,10.0,895.6447,0.0,56.33483
6.0,15.0,2.0,5.0,0.0,4.0,1.0,39.0,1.0,43.999996,86749.99,10.0,4507.9995,0.0,71.99999
4.0,15.0,2.0,5.0,0.0,4.0,1.0,39.0,0.0,39.729565,79347.17,10.0,852.42255,0.0,52.609406
4.0,9.0,2.0,4.0,0.0,4.0,1.0,39.0,3.0,38.891823,222783.67,13.0,19959.184,0.0,56.323147
4.0,9.0,2.0,4.0,2.0,4.0,1.0,39.0,0.0,35.74115,220932.5,13.0,27728.955,0.0,50.27301
4.0,9.0,2.0,4.0,0.0,4.0,1.0,39.0,3.0,37.24505,222784.2,13.0,28433.174,0.0,56.88268
4.0,9.0,2.0,4.0,2.0,4.0,1.0,39.0,0.0,36.999996,219545.98,13.0,3410.9998,0.0,46.999996
4.0,9.0,2.0,4.0,0.0,4.0,1.0,39.0,3.0,44.249954,220776.83,13.0,3029.1802,0.0,58.851295
4.0,15.0,0.0,8.0,3.0,4.0,0.0,39.0,0.0,40.602734,199838.6,10.0,0.0,0.0,36.50069
4.0,9.0,4.0,8.0,3.0,4.0,0.0,39.0,3.0,47.496464,198688.34,13.0,0.0,0.0,37.24469
4.0,15.0,0.0,8.0,3.0,4.0,0.0,39.0,0.0,43.920555,199780.81,10.0,0.0,0.0,38.566513
4.0,9.0,4.0,12.0,2.0,4.0,0.0,39.0,3.0,47.999996,197999.98,13.0,0.0,0.0,37.999996
6.0,15.0,0.0,8.0,3.0,4.0,0.0,39.0,0.0,38.935337,199325.83,10.0,0.0,0.0,36.876755
4.0,8.0,3.0,4.0,1.0,4.0,1.0,39.0,0.0,30.765007,220486.88,11.0,0.0,0.0,45.54714
0.0,8.0,4.0,0.0,1.0,4.0,1.0,39.0,0.0,31.070797,221081.0,11.0,0.0,0.0,52.588497
4.0,8.0,3.0,4.0,1.0,4.0,1.0,39.0,0.0,34.062595,221188.11,11.0,0.0,0.0,50.11655
0.0,8.0,4.0,0.0,1.0,4.0,1.0,39.0,0.0,20.999998,219834.98,11.0,0.0,0.0,39.999996
4.0,8.0,3.0,3.0,1.0,4.0,1.0,39.0,0.0,25.196993,219653.5,11.0,0.0,0.0,39.999996
4.0,1.0,4.0,6.0,3.0,3.0,0.0,39.0,1.0,26.748308,342518.4,7.0,0.0,0.0,35.849384
0.0,1.0,4.0,0.0,3.0,2.0,1.0,39.0,0.0,19.51236,345848.53,7.0,0.0,0.0,36.342705
4.0,1.0,4.0,6.0,1.0,3.0,1.0,39.0,1.0,25.544056,343022.62,7.0,0.0,0.0,33.706684
0.0,1.0,4.0,0.0,3.0,2.0,1.0,39.0,0.0,20.0,348148.0,7.0,0.0,0.0,40.0
0.0,1.0,4.0,6.0,3.0,3.0,0.0,39.0,0.0,30.858421,343188.88,7.0,0.0,0.0,38.067085
4.0,11.0,0.0,7.0,3.0,2.0,0.0,39.0,0.0,38.82584,163527.89,10.0,0.0,0.0,34.471542
4.0,7.0,4.0,7.0,3.0,4.0,0.0,39.0,0.0,21.925835,163182.22,8.0,0.0,0.0,24.87639
4.0,11.0,4.0,7.0,3.0,4.0,0.0,39.0,0.0,35.816616,163491.25,10.0,0.0,0.0,32.437805
4.0,2.0,4.0,8.0,3.0,4.0,0.0,39.0,0.0,19.0,162954.0,8.0,0.0,0.0,20.0
4.0,11.0,0.0,8.0,3.0,2.0,0.0,39.0,0.0,43.91344,163516.36,9.0,0.0,0.0,36.080513
4.0,15.0,2.0,7.0,0.0,4.0,1.0,39.0,2.0,35.430164,113457.15,10.0,21540.326,649.8671,43.040707
4.0,15.0,2.0,12.0,0.0,4.0,1.0,39.0,0.0,27.194376,120695.89,10.0,2181.5806,0.0,42.26854
4.0,15.0,2.0,7.0,0.0,4.0,1.0,39.0,2.0,32.77065,116833.03,10.0,8303.628,543.6242,42.707085
4.0,15.0,2.0,12.0,0.0,4.0,1.0,39.0,0.0,25.0,120238.0,10.0,2885.0,0.0,43.0
4.0,15.0,2.0,12.0,0.0,4.0,1.0,39.0,2.0,34.13015,111227.85,10.0,31101.764,948.44916,42.114758
4.0,10.0,2.0,10.0,1.0,4.0,1.0,39.0,2.0,40.824116,133080.23,14.0,4111.216,317.0621,49.29386
1.0,10.0,2.0,10.0,0.0,4.0,1.0,0.0,2.0,37.73146,130727.234,16.0,0.0,424.4899,64.19777
4.0,10.0,2.0,10.0,1.0,4.0,1.0,39.0,2.0,39.695663,132832.7,14.0,2674.6523,473.26468,51.55928
1.0,10.0,2.0,10.0,0.0,4.0,1.0,0.0,2.0,37.0,129573.0,16.0,0.0,0.0,72.0
4.0,10.0,2.0,10.0,1.0,4.0,1.0,39.0,2.0,39.168427,133034.56,16.0,6102.565,0.0,53.751064
2.0,9.0,4.0,10.0,1.0,4.0,0.0,39.0,1.0,45.43928,117270.17,13.0,2943.194,108.25938,48.992973
4.0,9.0,4.0,4.0,1.0,4.0,0.0,4.0,1.0,40.0,117305.75,13.0,0.0,0.0,49.75278
4.0,9.0,4.0,10.0,3.0,4.0,0.0,39.0,1.0,45.989265,117343.61,13.0,2462.0288,111.747284,52.302483
4.0,9.0,4.0,4.0,1.0,4.0,0.0,4.0,1.0,40.0,117523.0,13.0,0.0,0.0,40.0
4.0,9.0,4.0,4.0,1.0,4.0,0.0,39.0,1.0,47.000725,117104.89,13.0,4295.4473,0.0,42.493294
4.0,11.0,0.0,8.0,2.0,4.0,0.0,39.0,0.0,35.693913,159599.5,9.0,0.0,0.0,40.832874
4.0,11.0,0.0,8.0,2.0,2.0,0.0,39.0,0.0,45.90451,159159.53,9.0,0.0,0.0,38.48764
4.0,11.0,0.0,8.0,2.0,4.0,0.0,39.0,0.0,37.466377,159591.83,9.0,0.0,0.0,40.67414
4.0,11.0,0.0,8.0,2.0,2.0,0.0,39.0,0.0,52.0,158993.0,9.0,0.0,0.0,38.0
4.0,11.0,0.0,5.0,2.0,4.0,0.0,39.0,0.0,35.80741,159284.7,9.0,0.0,0.0,39.608055
4.0,9.0,2.0,8.0,0.0,4.0,1.0,39.0,1.0,41.53407,111653.02,13.0,38719.414,0.0,56.922516
5.0,9.0,2.0,4.0,0.0,4.0,1.0,39.0,2.0,54.293262,111580.05,13.0,11360.8545,0.0,52.438194
4.0,9.0,2.0,8.0,0.0,4.0,1.0,39.0,1.0,43.85652,111466.4,13.0,32541.04,0.0,56.646736
5.0,9.0,2.0,4.0,0.0,4.0,1.0,39.0,2.0,56.0,109856.0,13.0,15024.0,0.0,50.0
4.0,9.0,2.0,8.0,0.0,4.0,1.0,39.0,2.0,39.869133,108249.12,13.0,57397.54,0.0,59.973183
4.0,9.0,2.0,10.0,0.0,4.0,1.0,39.0,2.0,40.063797,325432.38,13.0,0.0,0.0,54.29354
2.0,9.0,2.0,10.0,0.0,4.0,1.0,39.0,3.0,37.02472,313231.34,13.0,0.0,0.0,40.0
4.0,9.0,2.0,10.0,0.0,4.0,1.0,39.0,2.0,37.74022,321823.06,13.0,0.0,0.0,50.57702
2.0,9.0,2.0,10.0,0.0,4.0,1.0,39.0,3.0,38.0,316470.0,13.0,0.0,0.0,40.0
4.0,9.0,2.0,10.0,0.0,4.0,1.0,39.0,2.0,42.773796,323818.8,13.0,0.0,0.0,56.080513
