age,fnlwgt,capital-gain,capital-loss,hours-per-week,workclass,marital-status,occupation,relationship,race,sex,native-country,income,education-num,education
25.0,192273.0,0.0,0.0,40.0,4.0,2.0,10.0,0.0,4.0,1.0,39.0,0.0,13.0,9
37.0,348960.0,0.0,0.0,50.0,6.0,2.0,14.0,0.0,4.0,1.0,39.0,2.0,12.0,7
27.0,116613.0,0.0,0.0,50.0,6.0,2.0,3.0,0.0,4.0,1.0,39.0,0.0,10.0,15
28.0,122913.0,0.0,0.0,40.0,4.0,2.0,12.0,0.0,4.0,1.0,39.0,3.0,9.0,11
43.0,131650.0,0.0,0.0,40.0,4.0,2.0,4.0,0.0,4.0,1.0,39.0,3.0,10.0,15
17.0,331552.0,0.0,0.0,30.0,4.0,4.0,1.0,3.0,4.0,0.0,39.0,0.0,8.0,2
62.0,114060.0,0.0,0.0,40.0,2.0,2.0,14.0,0.0,4.0,1.0,39.0,0.0,9.0,11
36.0,263574.0,0.0,0.0,40.0,4.0,2.0,1.0,5.0,4.0,0.0,39.0,1.0,11.0,8
44.0,104440.0,0.0,0.0,40.0,4.0,2.0,4.0,0.0,4.0,1.0,39.0,2.0,13.0,9
37.0,186934.0,0.0,0.0,50.0,4.0,2.0,12.0,0.0,4.0,1.0,39.0,3.0,14.0,12
23.0,133712.0,0.0,0.0,45.0,4.0,4.0,8.0,2.0,4.0,0.0,39.0,1.0,9.0,11
40.0,219869.0,99999.0,0.0,75.0,4.0,2.0,5.0,0.0,4.0,1.0,39.0,3.0,9.0,11
23.0,162282.0,0.0,0.0,40.0,4.0,4.0,7.0,3.0,4.0,1.0,39.0,1.0,9.0,11
31.0,595000.0,0.0,0.0,35.0,4.0,4.0,6.0,2.0,2.0,0.0,39.0,0.0,9.0,11
32.0,251612.0,0.0,0.0,45.0,0.0,4.0,0.0,4.0,4.0,0.0,26.0,0.0,3.0,4
23.0,121650.0,0.0,0.0,30.0,4.0,4.0,6.0,4.0,4.0,1.0,39.0,0.0,3.0,4
24.0,236696.0,0.0,0.0,35.0,4.0,2.0,6.0,3.0,4.0,1.0,39.0,0.0,9.0,11
47.0,178013.0,0.0,0.0,20.0,0.0,2.0,0.0,5.0,4.0,0.0,5.0,0.0,6.0,0
37.0,193855.0,0.0,1902.0,50.0,4.0,2.0,3.0,0.0,4.0,1.0,39.0,0.0,9.0,11
52.0,175714.0,0.0,0.0,55.0,4.0,2.0,4.0,0.0,4.0,1.0,39.0,2.0,12.0,7
38.0,185330.0,0.0,0.0,25.0,4.0,4.0,3.0,3.0,4.0,0.0,39.0,0.0,10.0,15
22.0,212780.0,0.0,0.0,30.0,4.0,4.0,12.0,1.0,2.0,0.0,39.0,1.0,9.0,11
60.0,137344.0,0.0,0.0,40.0,4.0,2.0,12.0,0.0,4.0,1.0,39.0,1.0,10.0,15
36.0,312206.0,0.0,0.0,40.0,4.0,2.0,7.0,0.0,4.0,1.0,39.0,0.0,9.0,11
55.0,73684.0,15024.0,0.0,65.0,6.0,2.0,12.0,0.0,4.0,1.0,39.0,3.0,13.0,9
24.0,205844.0,0.0,0.0,65.0,4.0,4.0,4.0,3.0,2.0,0.0,39.0,0.0,13.0,9
43.0,334946.0,0.0,0.0,40.0,4.0,2.0,6.0,0.0,2.0,1.0,39.0,0.0,9.0,11
41.0,352056.0,0.0,0.0,40.0,2.0,4.0,4.0,1.0,4.0,1.0,39.0,0.0,12.0,7
76.0,98695.0,0.0,0.0,20.0,4.0,0.0,1.0,1.0,4.0,0.0,39.0,0.0,10.0,15
46.0,199596.0,0.0,0.0,50.0,6.0,0.0,4.0,4.0,4.0,0.0,39.0,0.0,10.0,15
32.0,195000.0,7298.0,0.0,45.0,4.0,2.0,4.0,0.0,4.0,1.0,39.0,2.0,13.0,9
58.0,280519.0,0.0,0.0,40.0,7.0,0.0,8.0,3.0,2.0,1.0,39.0,0.0,9.0,11
48.0,131309.0,0.0,0.0,45.0,4.0,2.0,10.0,0.0,4.0,1.0,39.0,2.0,14.0,12
61.0,111415.0,0.0,0.0,45.0,4.0,2.0,4.0,0.0,4.0,1.0,39.0,2.0,13.0,9
45.0,387074.0,0.0,0.0,40.0,4.0,2.0,3.0,0.0,4.0,1.0,39.0,0.0,11.0,8
52.0,173839.0,0.0,0.0,60.0,6.0,2.0,4.0,0.0,4.0,1.0,39.0,0.0,6.0,0
33.0,152591.0,0.0,0.0,40.0,4.0,0.0,4.0,3.0,4.0,0.0,39.0,1.0,10.0,15
28.0,407043.0,0.0,0.0,40.0,4.0,2.0,1.0,0.0,2.0,1.0,39.0,0.0,9.0,11
30.0,270886.0,0.0,0.0,40.0,4.0,4.0,8.0,3.0,4.0,0.0,39.0,0.0,10.0,15
36.0,108293.0,0.0,0.0,24.0,4.0,6.0,8.0,4.0,4.0,0.0,39.0,0.0,9.0,11
28.0,92881.0,0.0,0.0,40.0,4.0,4.0,10.0,1.0,4.0,0.0,39.0,0.0,13.0,9
36.0,275338.0,0.0,0.0,40.0,4.0,2.0,4.0,5.0,4.0,0.0,39.0,3.0,13.0,9
30.0,488720.0,0.0,0.0,40.0,4.0,2.0,6.0,0.0,4.0,1.0,26.0,0.0,11.0,8
25.0,324372.0,0.0,0.0,40.0,4.0,4.0,6.0,3.0,2.0,1.0,39.0,0.0,9.0,11
42.0,60949.0,0.0,0.0,45.0,7.0,4.0,10.0,1.0,4.0,1.0,39.0,1.0,14.0,12
42.0,245317.0,0.0,0.0,50.0,4.0,2.0,14.0,0.0,4.0,1.0,39.0,0.0,6.0,0
27.0,169995.0,0.0,0.0,48.0,4.0,4.0,3.0,4.0,4.0,1.0,0.0,0.0,3.0,4
59.0,193375.0,0.0,0.0,10.0,4.0,2.0,10.0,5.0,4.0,0.0,39.0,1.0,14.0,12
25.0,227886.0,0.0,0.0,40.0,2.0,2.0,1.0,0.0,4.0,1.0,39.0,0.0,13.0,9
48.0,213140.0,0.0,0.0,40.0,5.0,2.0,4.0,0.0,4.0,1.0,39.0,2.0,10.0,15
29.0,56630.0,0.0,0.0,40.0,4.0,2.0,1.0,0.0,4.0,1.0,39.0,0.0,11.0,8
43.0,104892.0,0.0,0.0,45.0,5.0,2.0,5.0,0.0,4.0,1.0,39.0,0.0,9.0,11
22.0,201569.0,0.0,0.0,20.0,7.0,4.0,10.0,3.0,4.0,0.0,39.0,0.0,13.0,9
46.0,66934.0,0.0,0.0,45.0,2.0,0.0,10.0,4.0,4.0,0.0,39.0,1.0,13.0,9
74.0,39890.0,0.0,0.0,18.0,1.0,6.0,14.0,1.0,4.0,0.0,39.0,0.0,10.0,15
32.0,167531.0,15024.0,0.0,50.0,4.0,2.0,10.0,5.0,1.0,0.0,39.0,2.0,15.0,14
17.0,48751.0,0.0,0.0,40.0,0.0,4.0,0.0,3.0,2.0,0.0,39.0,0.0,7.0,1
55.0,127014.0,0.0,0.0,60.0,4.0,2.0,8.0,0.0,4.0,1.0,39.0,0.0,9.0,11
18.0,161245.0,0.0,0.0,8.0,4.0,4.0,8.0,3.0,4.0,1.0,39.0,1.0,7.0,1
28.0,175431.0,0.0,0.0,40.0,4.0,0.0,10.0,1.0,2.0,0.0,39.0,0.0,5.0,6
20.0,163665.0,0.0,0.0,17.0,4.0,4.0,14.0,3.0,4.0,0.0,39.0,0.0,10.0,15
27.0,101618.0,0.0,0.0,50.0,4.0,2.0,4.0,0.0,4.0,1.0,39.0,0.0,9.0,11
65.0,228182.0,0.0,0.0,40.0,4.0,2.0,10.0,0.0,4.0,1.0,39.0,3.0,13.0,9
56.0,373216.0,0.0,0.0,48.0,4.0,2.0,1.0,0.0,4.0,1.0,39.0,1.0,9.0,11
20.0,140001.0,0.0,0.0,40.0,4.0,4.0,1.0,3.0,4.0,0.0,39.0,0.0,10.0,15
31.0,163890.0,0.0,0.0,40.0,0.0,4.0,0.0,4.0,2.0,0.0,39.0,0.0,10.0,15
46.0,118714.0,7298.0,0.0,40.0,4.0,2.0,3.0,0.0,4.0,1.0,39.0,3.0,9.0,11
54.0,96062.0,0.0,0.0,40.0,4.0,2.0,13.0,0.0,4.0,1.0,39.0,2.0,12.0,7
34.0,55921.0,0.0,0.0,40.0,0.0,2.0,0.0,0.0,4.0,1.0,39.0,0.0,9.0,11
27.0,169544.0,0.0,0.0,50.0,4.0,2.0,7.0,0.0,4.0,1.0,39.0,1.0,10.0,15
28.0,42881.0,0.0,0.0,40.0,4.0,0.0,7.0,3.0,4.0,0.0,39.0,0.0,6.0,0
32.0,286689.0,0.0,0.0,42.0,4.0,2.0,13.0,0.0,4.0,1.0,39.0,2.0,12.0,7
27.0,169958.0,0.0,0.0,40.0,4.0,4.0,3.0,3.0,4.0,1.0,0.0,0.0,3.0,4
45.0,431245.0,0.0,0.0,40.0,4.0,2.0,14.0,0.0,4.0,1.0,39.0,1.0,10.0,15
62.0,664366.0,0.0,0.0,60.0,4.0,2.0,12.0,0.0,4.0,1.0,39.0,2.0,13.0,9
46.0,369538.0,0.0,0.0,40.0,4.0,2.0,14.0,0.0,4.0,1.0,39.0,2.0,6.0,0
23.0,230315.0,0.0,0.0,40.0,4.0,4.0,8.0,1.0,1.0,1.0,6.0,0.0,10.0,15
78.0,111189.0,0.0,0.0,35.0,4.0,4.0,7.0,1.0,4.0,0.0,6.0,0.0,4.0,5
40.0,134307.0,0.0,1741.0,40.0,1.0,0.0,10.0,1.0,2.0,0.0,39.0,1.0,13.0,9
36.0,160035.0,0.0,0.0,55.0,4.0,2.0,4.0,0.0,4.0,1.0,39.0,2.0,10.0,15
33.0,191385.0,0.0,0.0,40.0,4.0,4.0,10.0,1.0,4.0,1.0,2.0,0.0,13.0,9
26.0,76900.0,0.0,0.0,40.0,1.0,4.0,13.0,1.0,4.0,1.0,39.0,0.0,13.0,9
48.0,50402.0,0.0,0.0,40.0,4.0,0.0,7.0,4.0,4.0,1.0,39.0,0.0,10.0,15
50.0,195372.0,0.0,0.0,36.0,6.0,2.0,3.0,0.0,4.0,1.0,39.0,1.0,4.0,5
44.0,86750.0,4508.0,0.0,72.0,6.0,2.0,5.0,0.0,4.0,1.0,39.0,1.0,10.0,15
46.0,301124.0,0.0,1564.0,45.0,2.0,4.0,10.0,1.0,4.0,0.0,39.0,3.0,14.0,12
66.0,262552.0,0.0,0.0,7.0,6.0,2.0,5.0,0.0,4.0,1.0,39.0,0.0,10.0,15
41.0,144752.0,0.0,0.0,40.0,4.0,2.0,4.0,0.0,0.0,1.0,39.0,3.0,10.0,15
69.0,119907.0,0.0,0.0,40.0,4.0,0.0,10.0,1.0,4.0,0.0,39.0,1.0,14.0,12
61.0,54373.0,0.0,0.0,40.0,4.0,2.0,12.0,0.0,4.0,1.0,39.0,0.0,10.0,15
37.0,76855.0,0.0,0.0,40.0,6.0,0.0,4.0,4.0,4.0,0.0,39.0,0.0,10.0,15
19.0,93518.0,0.0,0.0,20.0,4.0,4.0,12.0,3.0,4.0,0.0,39.0,0.0,10.0,15
17.0,244602.0,0.0,0.0,15.0,4.0,4.0,8.0,3.0,4.0,1.0,39.0,0.0,8.0,2
41.0,248748.0,0.0,0.0,40.0,2.0,4.0,10.0,4.0,2.0,0.0,39.0,1.0,13.0,9
25.0,210095.0,0.0,0.0,25.0,0.0,4.0,0.0,4.0,4.0,0.0,8.0,0.0,3.0,4
26.0,123384.0,0.0,0.0,20.0,4.0,6.0,1.0,4.0,4.0,0.0,39.0,1.0,9.0,11
49.0,106169.0,0.0,0.0,40.0,5.0,0.0,12.0,1.0,4.0,0.0,39.0,1.0,10.0,15
34.0,122116.0,0.0,0.0,40.0,4.0,2.0,4.0,0.0,4.0,1.0,39.0,0.0,10.0,15
70.0,303588.0,0.0,0.0,20.0,6.0,2.0,13.0,0.0,4.0,1.0,39.0,0.0,10.0,15
56.0,277203.0,0.0,0.0,40.0,2.0,2.0,11.0,0.0,4.0,1.0,39.0,3.0,13.0,9
27.0,240172.0,0.0,0.0,40.0,4.0,4.0,12.0,1.0,4.0,1.0,39.0,1.0,10.0,15
40.0,134026.0,0.0,0.0,40.0,4.0,4.0,8.0,2.0,4.0,1.0,39.0,0.0,7.0,1
29.0,168221.0,0.0,0.0,40.0,4.0,2.0,7.0,0.0,4.0,1.0,39.0,1.0,9.0,11
54.0,179291.0,0.0,0.0,56.0,4.0,2.0,10.0,0.0,2.0,1.0,14.0,2.0,10.0,15
56.0,104945.0,0.0,0.0,40.0,4.0,2.0,8.0,0.0,2.0,1.0,39.0,0.0,4.0,5
30.0,111415.0,0.0,0.0,45.0,4.0,2.0,4.0,0.0,4.0,1.0,39.0,2.0,13.0,9
25.0,206343.0,0.0,0.0,40.0,4.0,4.0,11.0,2.0,4.0,1.0,39.0,0.0,9.0,11
48.0,160647.0,0.0,0.0,40.0,4.0,4.0,4.0,1.0,4.0,0.0,21.0,2.0,10.0,15
22.0,172496.0,0.0,0.0,40.0,4.0,4.0,6.0,1.0,4.0,1.0,31.0,1.0,10.0,15
39.0,179352.0,0.0,0.0,35.0,0.0,0.0,0.0,1.0,4.0,0.0,39.0,0.0,10.0,15
41.0,26598.0,0.0,0.0,40.0,6.0,0.0,3.0,1.0,4.0,1.0,39.0,0.0,9.0,11
18.0,240767.0,0.0,0.0,30.0,4.0,4.0,8.0,1.0,4.0,0.0,39.0,1.0,9.0,11
41.0,118001.0,0.0,0.0,40.0,4.0,4.0,7.0,1.0,2.0,1.0,39.0,1.0,7.0,1
37.0,191364.0,0.0,0.0,40.0,2.0,2.0,4.0,0.0,4.0,1.0,10.0,2.0,12.0,7
20.0,49179.0,0.0,0.0,35.0,4.0,4.0,10.0,1.0,4.0,1.0,39.0,0.0,10.0,15
37.0,46814.0,0.0,0.0,38.0,7.0,4.0,10.0,1.0,4.0,1.0,39.0,0.0,13.0,9
59.0,195820.0,0.0,0.0,40.0,4.0,2.0,14.0,0.0,4.0,1.0,39.0,2.0,9.0,11
51.0,157043.0,0.0,0.0,40.0,4.0,6.0,6.0,4.0,2.0,0.0,39.0,0.0,7.0,1
58.0,142924.0,0.0,0.0,24.0,4.0,4.0,1.0,1.0,4.0,0.0,39.0,2.0,14.0,12
20.0,116830.0,0.0,0.0,43.0,4.0,4.0,7.0,3.0,4.0,1.0,39.0,1.0,9.0,11
33.0,169496.0,0.0,0.0,50.0,4.0,2.0,4.0,0.0,4.0,1.0,39.0,2.0,13.0,9
51.0,237729.0,0.0,0.0,40.0,4.0,0.0,1.0,4.0,4.0,0.0,39.0,0.0,10.0,15
70.0,293076.0,0.0,0.0,30.0,0.0,2.0,0.0,0.0,4.0,1.0,39.0,0.0,10.0,15
36.0,148143.0,0.0,0.0,40.0,4.0,4.0,7.0,2.0,2.0,0.0,39.0,1.0,9.0,11
35.0,223725.0,0.0,0.0,65.0,7.0,2.0,10.0,0.0,4.0,1.0,39.0,1.0,12.0,7
33.0,202366.0,0.0,0.0,32.0,0.0,0.0,0.0,4.0,4.0,0.0,39.0,0.0,9.0,11
39.0,141584.0,0.0,0.0,50.0,4.0,2.0,13.0,0.0,4.0,1.0,39.0,1.0,10.0,15
39.0,315776.0,8614.0,0.0,52.0,4.0,4.0,4.0,1.0,2.0,1.0,39.0,2.0,14.0,12
26.0,180514.0,0.0,0.0,40.0,4.0,4.0,3.0,1.0,2.0,1.0,39.0,1.0,13.0,9
35.0,288158.0,0.0,0.0,40.0,4.0,2.0,3.0,0.0,4.0,1.0,39.0,1.0,9.0,11
32.0,255004.0,0.0,0.0,50.0,4.0,2.0,3.0,0.0,4.0,1.0,39.0,1.0,9.0,11
27.0,110622.0,0.0,0.0,40.0,4.0,4.0,1.0,1.0,1.0,0.0,30.0,1.0,13.0,9
56.0,214323.0,0.0,0.0,40.0,6.0,2.0,3.0,0.0,4.0,1.0,39.0,0.0,7.0,1
44.0,235182.0,0.0,0.0,50.0,4.0,2.0,3.0,0.0,4.0,1.0,39.0,3.0,10.0,15
23.0,189017.0,0.0,0.0,55.0,4.0,4.0,12.0,1.0,4.0,1.0,39.0,0.0,13.0,9
41.0,200652.0,0.0,0.0,35.0,4.0,0.0,8.0,2.0,4.0,0.0,39.0,0.0,5.0,6
43.0,106982.0,0.0,0.0,40.0,2.0,5.0,10.0,4.0,4.0,0.0,39.0,0.0,13.0,9
23.0,109307.0,0.0,0.0,40.0,4.0,4.0,4.0,3.0,4.0,1.0,39.0,0.0,11.0,8
20.0,158206.0,0.0,0.0,30.0,7.0,4.0,10.0,1.0,4.0,1.0,39.0,0.0,12.0,7
72.0,203289.0,0.0,0.0,35.0,6.0,2.0,3.0,0.0,4.0,1.0,39.0,0.0,10.0,15
31.0,127215.0,0.0,0.0,40.0,4.0,2.0,12.0,0.0,4.0,1.0,39.0,0.0,10.0,15
49.0,447554.0,7688.0,0.0,40.0,4.0,2.0,4.0,0.0,4.0,1.0,39.0,3.0,13.0,9
40.0,173651.0,0.0,0.0,45.0,6.0,2.0,3.0,0.0,4.0,1.0,39.0,1.0,10.0,15
26.0,341353.0,0.0,0.0,15.0,4.0,4.0,8.0,2.0,4.0,1.0,39.0,0.0,13.0,9
28.0,180928.0,0.0,0.0,40.0,6.0,4.0,4.0,3.0,4.0,1.0,39.0,1.0,9.0,11
38.0,258339.0,0.0,0.0,70.0,4.0,2.0,8.0,0.0,4.0,1.0,20.0,1.0,11.0,8
28.0,285897.0,0.0,0.0,40.0,4.0,2.0,4.0,0.0,4.0,1.0,39.0,1.0,13.0,9
23.0,173535.0,0.0,0.0,40.0,4.0,4.0,12.0,3.0,4.0,1.0,39.0,0.0,9.0,11
33.0,105370.0,0.0,0.0,70.0,4.0,0.0,11.0,1.0,4.0,1.0,39.0,0.0,9.0,11
28.0,269317.0,0.0,0.0,42.0,4.0,2.0,7.0,0.0,4.0,1.0,39.0,1.0,9.0,11
57.0,266189.0,0.0,0.0,42.0,4.0,0.0,1.0,4.0,4.0,0.0,39.0,0.0,9.0,11
61.0,32423.0,22040.0,0.0,40.0,6.0,2.0,5.0,5.0,4.0,0.0,39.0,0.0,9.0,11
33.0,207267.0,3418.0,0.0,35.0,4.0,5.0,8.0,4.0,4.0,0.0,39.0,0.0,6.0,0
28.0,288731.0,0.0,0.0,20.0,7.0,2.0,10.0,0.0,4.0,1.0,39.0,0.0,13.0,9
31.0,175778.0,0.0,0.0,40.0,4.0,4.0,10.0,3.0,4.0,0.0,39.0,1.0,13.0,9
26.0,160264.0,0.0,0.0,40.0,4.0,4.0,8.0,1.0,2.0,0.0,39.0,1.0,7.0,1
59.0,271571.0,15024.0,0.0,50.0,4.0,2.0,3.0,0.0,4.0,1.0,39.0,2.0,10.0,15
45.0,327886.0,0.0,0.0,40.0,4.0,4.0,10.0,1.0,4.0,1.0,39.0,2.0,15.0,14
34.0,320194.0,0.0,0.0,48.0,6.0,5.0,10.0,4.0,4.0,1.0,39.0,2.0,15.0,14
50.0,196975.0,0.0,0.0,40.0,4.0,2.0,3.0,0.0,4.0,1.0,39.0,2.0,9.0,11
47.0,211123.0,0.0,0.0,40.0,1.0,2.0,3.0,0.0,4.0,1.0,39.0,0.0,9.0,11
36.0,207853.0,0.0,0.0,40.0,4.0,0.0,3.0,3.0,4.0,1.0,39.0,0.0,9.0,11
49.0,318331.0,0.0,0.0,40.0,4.0,0.0,7.0,1.0,4.0,1.0,39.0,0.0,9.0,11
44.0,121781.0,0.0,0.0,37.0,4.0,0.0,1.0,1.0,1.0,0.0,39.0,0.0,10.0,15
34.0,87218.0,0.0,1887.0,50.0,4.0,2.0,4.0,0.0,4.0,1.0,39.0,3.0,14.0,12
17.0,194517.0,0.0,0.0,18.0,4.0,4.0,5.0,3.0,4.0,0.0,39.0,1.0,7.0,1
64.0,307786.0,0.0,0.0,20.0,5.0,2.0,12.0,0.0,4.0,1.0,39.0,0.0,2.0,3
36.0,269318.0,0.0,0.0,50.0,4.0,2.0,4.0,0.0,4.0,1.0,39.0,2.0,13.0,9
44.0,83812.0,0.0,0.0,60.0,6.0,0.0,4.0,1.0,4.0,1.0,39.0,0.0,13.0,9
38.0,184655.0,0.0,1740.0,48.0,4.0,2.0,3.0,0.0,4.0,1.0,39.0,0.0,9.0,11
61.0,99784.0,0.0,0.0,40.0,4.0,6.0,10.0,1.0,4.0,0.0,39.0,2.0,14.0,12
28.0,115971.0,0.0,0.0,40.0,4.0,0.0,1.0,4.0,4.0,0.0,39.0,0.0,10.0,15
29.0,177413.0,0.0,0.0,40.0,4.0,2.0,7.0,0.0,4.0,1.0,39.0,2.0,9.0,11
49.0,110373.0,0.0,0.0,40.0,1.0,2.0,13.0,0.0,4.0,1.0,39.0,2.0,10.0,15
30.0,142921.0,0.0,0.0,40.0,4.0,4.0,10.0,1.0,4.0,0.0,39.0,1.0,12.0,7
27.0,116613.0,0.0,0.0,50.0,6.0,2.0,8.0,5.0,4.0,0.0,39.0,0.0,10.0,15
53.0,314871.0,0.0,0.0,40.0,1.0,5.0,1.0,1.0,2.0,0.0,39.0,1.0,10.0,15
49.0,200949.0,0.0,0.0,38.0,4.0,4.0,8.0,4.0,4.0,0.0,29.0,0.0,6.0,0
32.0,169512.0,0.0,0.0,60.0,4.0,2.0,12.0,0.0,2.0,1.0,39.0,3.0,13.0,9
33.0,265204.0,0.0,0.0,40.0,4.0,0.0,7.0,4.0,4.0,0.0,39.0,1.0,9.0,11
79.0,103684.0,0.0,0.0,40.0,6.0,2.0,5.0,0.0,4.0,1.0,39.0,0.0,9.0,11
69.0,230417.0,0.0,0.0,40.0,4.0,2.0,10.0,0.0,4.0,1.0,3.0,2.0,16.0,10
53.0,29557.0,0.0,0.0,40.0,4.0,0.0,10.0,1.0,4.0,0.0,39.0,0.0,10.0,15
55.0,414994.0,0.0,0.0,40.0,4.0,2.0,3.0,0.0,4.0,1.0,39.0,0.0,9.0,11
22.0,236330.0,0.0,1721.0,20.0,0.0,4.0,0.0,3.0,2.0,1.0,39.0,0.0,10.0,15
35.0,98989.0,0.0,0.0,38.0,0.0,0.0,0.0,3.0,0.0,1.0,39.0,0.0,5.0,6
44.0,286750.0,0.0,0.0,40.0,4.0,2.0,14.0,0.0,2.0,1.0,39.0,0.0,10.0,15
33.0,121966.0,0.0,0.0,50.0,4.0,4.0,13.0,1.0,4.0,0.0,39.0,1.0,9.0,11
46.0,233555.0,0.0,0.0,40.0,1.0,0.0,1.0,4.0,2.0,0.0,0.0,0.0,9.0,11
64.0,210082.0,0.0,0.0,40.0,4.0,6.0,1.0,1.0,4.0,0.0,39.0,0.0,9.0,11
27.0,190784.0,3137.0,0.0,45.0,4.0,2.0,3.0,0.0,4.0,1.0,39.0,1.0,9.0,11
50.0,221532.0,0.0,0.0,40.0,4.0,2.0,3.0,0.0,4.0,1.0,39.0,3.0,9.0,11
44.0,195486.0,0.0,0.0,70.0,6.0,2.0,12.0,0.0,2.0,1.0,23.0,0.0,9.0,11
60.0,16009.0,0.0,0.0,40.0,4.0,2.0,14.0,0.0,4.0,1.0,39.0,0.0,9.0,11
19.0,227491.0,0.0,0.0,40.0,4.0,4.0,12.0,1.0,1.0,0.0,39.0,0.0,9.0,11
22.0,224969.0,0.0,0.0,40.0,4.0,4.0,1.0,3.0,4.0,1.0,39.0,1.0,9.0,11
30.0,352045.0,99999.0,0.0,40.0,7.0,5.0,3.0,1.0,4.0,1.0,39.0,3.0,14.0,12
69.0,164110.0,10605.0,0.0,50.0,4.0,2.0,12.0,0.0,4.0,1.0,39.0,3.0,13.0,9
45.0,203785.0,0.0,0.0,40.0,4.0,2.0,6.0,0.0,4.0,1.0,39.0,1.0,5.0,6
32.0,163530.0,0.0,0.0,40.0,4.0,0.0,8.0,4.0,0.0,0.0,39.0,0.0,9.0,11
43.0,216411.0,0.0,0.0,30.0,4.0,4.0,1.0,4.0,4.0,0.0,6.0,1.0,2.0,3
45.0,31478.0,2829.0,0.0,60.0,6.0,2.0,12.0,0.0,4.0,1.0,39.0,0.0,13.0,9
40.0,155972.0,7688.0,0.0,55.0,4.0,2.0,4.0,0.0,4.0,1.0,39.0,2.0,9.0,11
22.0,120518.0,0.0,0.0,40.0,4.0,6.0,1.0,3.0,4.0,0.0,39.0,0.0,9.0,11
60.0,241013.0,0.0,0.0,40.0,4.0,2.0,7.0,0.0,2.0,1.0,39.0,1.0,9.0,11
36.0,354078.0,0.0,0.0,60.0,4.0,2.0,10.0,0.0,4.0,1.0,39.0,2.0,13.0,9
29.0,211208.0,0.0,0.0,99.0,4.0,2.0,14.0,0.0,4.0,1.0,39.0,3.0,7.0,1
24.0,109813.0,3137.0,0.0,40.0,4.0,2.0,1.0,0.0,4.0,1.0,39.0,1.0,9.0,11
17.0,188758.0,0.0,0.0,20.0,4.0,4.0,8.0,3.0,4.0,1.0,39.0,1.0,7.0,1
28.0,69847.0,0.0,0.0,30.0,4.0,4.0,1.0,3.0,1.0,0.0,39.0,0.0,13.0,9
62.0,136684.0,0.0,0.0,30.0,6.0,6.0,1.0,2.0,4.0,0.0,39.0,0.0,9.0,11
28.0,82488.0,0.0,0.0,40.0,4.0,0.0,13.0,3.0,1.0,0.0,39.0,0.0,9.0,11
24.0,131220.0,0.0,0.0,40.0,4.0,4.0,1.0,3.0,2.0,0.0,39.0,1.0,9.0,11
48.0,369522.0,0.0,0.0,25.0,5.0,2.0,4.0,5.0,4.0,0.0,39.0,2.0,13.0,9
44.0,261899.0,0.0,0.0,44.0,4.0,2.0,7.0,0.0,4.0,1.0,39.0,0.0,10.0,15
45.0,153710.0,0.0,0.0,70.0,6.0,2.0,5.0,0.0,4.0,1.0,39.0,0.0,5.0,6
59.0,172618.0,0.0,0.0,56.0,4.0,0.0,12.0,1.0,4.0,1.0,39.0,1.0,10.0,15
19.0,351802.0,0.0,0.0,35.0,4.0,4.0,7.0,3.0,4.0,1.0,39.0,0.0,9.0,11
46.0,200734.0,0.0,0.0,35.0,4.0,0.0,1.0,4.0,2.0,0.0,38.0,0.0,10.0,15
17.0,41865.0,0.0,0.0,5.0,4.0,4.0,1.0,3.0,4.0,0.0,39.0,1.0,9.0,11
30.0,159442.0,0.0,0.0,40.0,4.0,5.0,1.0,1.0,4.0,0.0,39.0,0.0,9.0,11
20.0,149478.0,0.0,0.0,25.0,0.0,4.0,0.0,2.0,4.0,0.0,39.0,0.0,10.0,15
39.0,195253.0,0.0,0.0,40.0,4.0,2.0,7.0,0.0,4.0,1.0,39.0,2.0,9.0,11
33.0,196342.0,0.0,0.0,45.0,6.0,4.0,10.0,1.0,4.0,1.0,39.0,2.0,16.0,10
34.0,143766.0,0.0,0.0,40.0,1.0,4.0,1.0,1.0,4.0,1.0,39.0,0.0,12.0,7
82.0,52921.0,0.0,0.0,3.0,0.0,6.0,0.0,1.0,0.0,1.0,39.0,0.0,10.0,15
36.0,188069.0,0.0,0.0,50.0,4.0,2.0,4.0,0.0,4.0,1.0,39.0,2.0,10.0,15
23.0,664670.0,0.0,0.0,40.0,4.0,4.0,3.0,3.0,2.0,1.0,39.0,0.0,9.0,11
59.0,190997.0,0.0,0.0,36.0,6.0,2.0,4.0,0.0,4.0,1.0,39.0,1.0,6.0,0
51.0,175034.0,0.0,0.0,40.0,4.0,6.0,1.0,4.0,4.0,0.0,39.0,0.0,13.0,9
51.0,171914.0,0.0,0.0,30.0,4.0,6.0,3.0,1.0,4.0,1.0,39.0,1.0,5.0,6
22.0,333910.0,0.0,0.0,22.0,4.0,4.0,12.0,3.0,4.0,0.0,39.0,1.0,10.0,15
52.0,199265.0,0.0,0.0,40.0,6.0,0.0,3.0,1.0,2.0,1.0,39.0,0.0,9.0,11
48.0,175615.0,0.0,0.0,40.0,4.0,2.0,6.0,5.0,4.0,0.0,24.0,1.0,10.0,15
71.0,148003.0,0.0,1911.0,38.0,4.0,0.0,12.0,1.0,4.0,0.0,39.0,3.0,13.0,9
37.0,191841.0,0.0,0.0,48.0,6.0,0.0,8.0,4.0,4.0,0.0,39.0,1.0,13.0,9
21.0,305874.0,0.0,0.0,54.0,4.0,2.0,3.0,0.0,4.0,1.0,39.0,0.0,10.0,15
30.0,148959.0,0.0,0.0,35.0,6.0,0.0,3.0,1.0,4.0,1.0,39.0,0.0,10.0,15
65.0,117162.0,0.0,0.0,56.0,0.0,2.0,0.0,5.0,4.0,0.0,39.0,2.0,11.0,8
26.0,134888.0,0.0,0.0,35.0,4.0,4.0,13.0,3.0,4.0,0.0,39.0,0.0,13.0,9
32.0,172375.0,0.0,0.0,38.0,4.0,4.0,10.0,1.0,4.0,1.0,39.0,0.0,13.0,9
27.0,110931.0,0.0,0.0,40.0,4.0,2.0,1.0,0.0,4.0,1.0,39.0,0.0,9.0,11
24.0,153583.0,0.0,0.0,40.0,4.0,4.0,12.0,3.0,4.0,0.0,39.0,0.0,10.0,15
19.0,143360.0,0.0,0.0,34.0,4.0,4.0,7.0,3.0,4.0,0.0,39.0,0.0,9.0,11
23.0,46645.0,0.0,0.0,25.0,4.0,4.0,10.0,1.0,4.0,0.0,39.0,0.0,13.0,9
25.0,192321.0,0.0,0.0,40.0,2.0,4.0,10.0,3.0,4.0,0.0,39.0,0.0,13.0,9
27.0,129009.0,0.0,0.0,55.0,4.0,4.0,4.0,1.0,4.0,0.0,39.0,1.0,13.0,9
35.0,138992.0,7298.0,0.0,40.0,4.0,2.0,10.0,2.0,4.0,1.0,39.0,2.0,14.0,12
57.0,217692.0,0.0,0.0,38.0,6.0,6.0,3.0,1.0,4.0,0.0,39.0,0.0,9.0,11
36.0,185099.0,0.0,0.0,70.0,4.0,2.0,14.0,0.0,4.0,1.0,39.0,2.0,9.0,11
44.0,82601.0,0.0,0.0,40.0,4.0,2.0,14.0,0.0,4.0,1.0,39.0,0.0,13.0,9
37.0,183739.0,0.0,0.0,8.0,4.0,2.0,10.0,5.0,4.0,0.0,39.0,3.0,14.0,12
18.0,242615.0,0.0,0.0,15.0,4.0,4.0,1.0,3.0,4.0,0.0,39.0,0.0,10.0,15
25.0,190350.0,0.0,0.0,40.0,4.0,4.0,1.0,4.0,2.0,0.0,39.0,0.0,9.0,11
27.0,85625.0,0.0,0.0,20.0,4.0,4.0,12.0,1.0,4.0,1.0,39.0,0.0,10.0,15
32.0,236415.0,0.0,0.0,40.0,4.0,4.0,1.0,1.0,4.0,0.0,39.0,1.0,9.0,11
49.0,148549.0,0.0,1902.0,50.0,4.0,2.0,4.0,0.0,4.0,1.0,39.0,2.0,13.0,9
37.0,121228.0,0.0,1726.0,50.0,4.0,0.0,7.0,4.0,4.0,1.0,39.0,1.0,9.0,11
36.0,20469.0,0.0,0.0,40.0,1.0,0.0,1.0,4.0,0.0,0.0,39.0,1.0,9.0,11
57.0,122562.0,0.0,0.0,60.0,4.0,2.0,14.0,0.0,4.0,1.0,39.0,3.0,6.0,0
58.0,366324.0,0.0,0.0,30.0,4.0,2.0,8.0,5.0,4.0,0.0,39.0,0.0,10.0,15
26.0,123384.0,0.0,0.0,20.0,4.0,4.0,1.0,3.0,4.0,0.0,39.0,1.0,9.0,11
20.0,166527.0,0.0,0.0,20.0,4.0,4.0,1.0,3.0,3.0,0.0,39.0,0.0,10.0,15
62.0,170984.0,0.0,0.0,45.0,4.0,2.0,3.0,0.0,4.0,1.0,39.0,0.0,10.0,15
50.0,32801.0,0.0,0.0,40.0,1.0,2.0,4.0,5.0,0.0,0.0,39.0,2.0,13.0,9
61.0,227232.0,0.0,0.0,30.0,5.0,5.0,12.0,1.0,4.0,0.0,39.0,0.0,13.0,9
36.0,67317.0,0.0,0.0,40.0,1.0,2.0,1.0,0.0,4.0,1.0,39.0,0.0,9.0,11
18.0,120544.0,0.0,0.0,15.0,4.0,4.0,8.0,3.0,2.0,1.0,39.0,0.0,5.0,6
51.0,50459.0,0.0,1740.0,40.0,4.0,2.0,10.0,0.0,4.0,1.0,39.0,1.0,14.0,12
44.0,99203.0,0.0,0.0,40.0,4.0,2.0,7.0,0.0,4.0,1.0,39.0,0.0,4.0,5
22.0,409230.0,0.0,0.0,40.0,4.0,4.0,14.0,2.0,4.0,1.0,39.0,0.0,8.0,2
61.0,98350.0,0.0,0.0,40.0,5.0,2.0,4.0,0.0,1.0,1.0,36.0,2.0,16.0,10
76.0,174839.0,9386.0,0.0,25.0,4.0,2.0,10.0,0.0,4.0,1.0,39.0,3.0,15.0,14
47.0,109421.0,0.0,0.0,50.0,6.0,2.0,4.0,0.0,4.0,1.0,39.0,0.0,13.0,9
43.0,118600.0,0.0,625.0,40.0,2.0,0.0,10.0,4.0,4.0,0.0,39.0,0.0,13.0,9
38.0,112497.0,0.0,0.0,40.0,4.0,4.0,10.0,1.0,4.0,1.0,39.0,2.0,9.0,11
59.0,157932.0,0.0,0.0,40.0,4.0,2.0,3.0,0.0,4.0,1.0,39.0,2.0,6.0,0
47.0,177858.0,27828.0,0.0,60.0,4.0,3.0,4.0,1.0,4.0,0.0,39.0,3.0,13.0,9
47.0,276087.0,0.0,0.0,65.0,6.0,2.0,5.0,0.0,4.0,1.0,39.0,1.0,9.0,11
27.0,193094.0,0.0,0.0,35.0,4.0,4.0,10.0,1.0,4.0,1.0,39.0,1.0,13.0,9
50.0,187830.0,27828.0,0.0,16.0,6.0,0.0,3.0,1.0,4.0,1.0,39.0,3.0,13.0,9
26.0,192549.0,0.0,0.0,40.0,4.0,4.0,3.0,3.0,4.0,1.0,39.0,1.0,10.0,15
56.0,109856.0,15024.0,0.0,50.0,5.0,2.0,4.0,0.0,4.0,1.0,39.0,2.0,13.0,9
28.0,65389.0,0.0,0.0,30.0,4.0,4.0,8.0,1.0,0.0,1.0,39.0,0.0,9.0,11
21.0,219835.0,0.0,0.0,40.0,0.0,4.0,0.0,1.0,4.0,1.0,39.0,0.0,11.0,8
34.0,132565.0,0.0,0.0,40.0,4.0,2.0,3.0,0.0,4.0,1.0,39.0,1.0,8.0,2
20.0,528616.0,0.0,0.0,40.0,4.0,4.0,8.0,2.0,4.0,1.0,39.0,0.0,3.0,4
50.0,146325.0,0.0,0.0,44.0,4.0,2.0,3.0,0.0,4.0,1.0,39.0,2.0,9.0,11
38.0,316470.0,0.0,0.0,40.0,2.0,2.0,10.0,0.0,4.0,1.0,39.0,3.0,13.0,9
61.0,160625.0,4386.0,0.0,15.0,0.0,2.0,0.0,0.0,4.0,1.0,39.0,2.0,13.0,9
63.0,275034.0,0.0,1740.0,35.0,4.0,2.0,12.0,0.0,4.0,1.0,39.0,0.0,13.0,9
30.0,220939.0,0.0,0.0,40.0,4.0,0.0,4.0,1.0,4.0,1.0,39.0,0.0,11.0,8
46.0,144844.0,0.0,0.0,42.0,4.0,2.0,14.0,0.0,4.0,1.0,39.0,1.0,9.0,11
67.0,162009.0,0.0,0.0,16.0,4.0,2.0,11.0,0.0,4.0,1.0,39.0,1.0,6.0,0
41.0,113823.0,0.0,0.0,40.0,4.0,0.0,8.0,1.0,4.0,1.0,39.0,0.0,13.0,9
65.0,386672.0,0.0,0.0,15.0,4.0,2.0,1.0,0.0,4.0,1.0,39.0,0.0,11.0,8
29.0,232666.0,0.0,0.0,40.0,4.0,2.0,3.0,0.0,4.0,1.0,39.0,0.0,9.0,11
26.0,165235.0,0.0,0.0,40.0,4.0,4.0,1.0,3.0,1.0,0.0,37.0,0.0,13.0,9
49.0,255559.0,0.0,0.0,40.0,4.0,2.0,1.0,5.0,4.0,0.0,39.0,2.0,10.0,15
19.0,37688.0,0.0,0.0,25.0,4.0,4.0,8.0,3.0,4.0,1.0,39.0,1.0,9.0,11
20.0,58740.0,0.0,0.0,15.0,0.0,4.0,0.0,3.0,4.0,1.0,39.0,0.0,10.0,15
24.0,201680.0,0.0,0.0,40.0,4.0,4.0,3.0,3.0,4.0,1.0,39.0,0.0,9.0,11
40.0,155106.0,0.0,0.0,40.0,6.0,2.0,3.0,0.0,4.0,1.0,39.0,2.0,5.0,6
46.0,98637.0,7298.0,0.0,50.0,4.0,2.0,4.0,0.0,4.0,1.0,39.0,2.0,13.0,9
52.0,137984.0,0.0,0.0,40.0,4.0,0.0,3.0,4.0,4.0,0.0,39.0,1.0,9.0,11
37.0,195000.0,0.0,7.0,45.0,4.0,2.0,4.0,0.0,4.0,1.0,39.0,2.0,13.0,9
53.0,117847.0,0.0,0.0,40.0,1.0,2.0,1.0,0.0,4.0,1.0,39.0,0.0,12.0,7
41.0,38397.0,0.0,0.0,40.0,4.0,0.0,8.0,1.0,4.0,0.0,39.0,0.0,9.0,11
19.0,228238.0,0.0,0.0,40.0,4.0,4.0,7.0,2.0,4.0,1.0,26.0,0.0,9.0,11
43.0,301638.0,0.0,1579.0,40.0,2.0,2.0,14.0,0.0,4.0,1.0,39.0,0.0,8.0,2
17.0,236831.0,0.0,0.0,15.0,2.0,4.0,1.0,3.0,2.0,0.0,39.0,1.0,8.0,2
42.0,24763.0,15024.0,0.0,40.0,6.0,2.0,10.0,0.0,4.0,1.0,39.0,2.0,16.0,10
33.0,34748.0,0.0,1887.0,20.0,4.0,2.0,1.0,5.0,4.0,0.0,39.0,2.0,9.0,11
31.0,100252.0,99999.0,0.0,70.0,4.0,0.0,8.0,1.0,1.0,1.0,39.0,2.0,13.0,9
38.0,314007.0,0.0,0.0,78.0,5.0,2.0,12.0,0.0,4.0,1.0,39.0,1.0,9.0,11
20.0,161978.0,0.0,0.0,20.0,7.0,2.0,8.0,0.0,4.0,1.0,39.0,0.0,10.0,15
55.0,119751.0,0.0,0.0,40.0,4.0,4.0,10.0,2.0,1.0,0.0,37.0,0.0,14.0,12
30.0,175323.0,0.0,0.0,52.0,4.0,2.0,4.0,5.0,4.0,0.0,39.0,1.0,11.0,8
44.0,260761.0,0.0,0.0,40.0,4.0,2.0,3.0,0.0,4.0,1.0,39.0,2.0,9.0,11
30.0,232475.0,0.0,0.0,40.0,4.0,5.0,3.0,1.0,4.0,1.0,39.0,0.0,9.0,11
26.0,259585.0,0.0,0.0,24.0,4.0,4.0,12.0,1.0,4.0,1.0,39.0,0.0,10.0,15
44.0,27229.0,0.0,0.0,50.0,4.0,5.0,4.0,1.0,4.0,1.0,39.0,1.0,9.0,11
65.0,207281.0,0.0,0.0,16.0,4.0,2.0,11.0,0.0,4.0,1.0,39.0,0.0,10.0,15
48.0,112860.0,0.0,0.0,35.0,0.0,2.0,0.0,5.0,2.0,0.0,39.0,0.0,6.0,0
30.0,103651.0,0.0,0.0,40.0,7.0,2.0,10.0,0.0,4.0,1.0,39.0,1.0,13.0,9
32.0,225053.0,99999.0,0.0,60.0,5.0,2.0,4.0,0.0,4.0,1.0,39.0,3.0,13.0,9
49.0,289707.0,0.0,0.0,60.0,4.0,0.0,4.0,4.0,4.0,1.0,39.0,1.0,9.0,11
45.0,363815.0,0.0,0.0,50.0,6.0,2.0,5.0,0.0,4.0,1.0,39.0,0.0,10.0,15
31.0,111567.0,0.0,0.0,70.0,4.0,2.0,4.0,0.0,4.0,1.0,39.0,2.0,13.0,9
23.0,122048.0,0.0,0.0,40.0,4.0,4.0,7.0,1.0,4.0,0.0,39.0,0.0,9.0,11
35.0,412017.0,0.0,0.0,38.0,4.0,0.0,12.0,4.0,4.0,0.0,39.0,1.0,6.0,0
57.0,117257.0,214.0,0.0,40.0,2.0,4.0,10.0,1.0,4.0,1.0,39.0,2.0,13.0,9
50.0,124793.0,0.0,0.0,55.0,6.0,2.0,3.0,0.0,4.0,1.0,39.0,0.0,10.0,15
29.0,33798.0,0.0,0.0,45.0,6.0,2.0,14.0,0.0,4.0,1.0,39.0,0.0,9.0,11
36.0,280440.0,0.0,0.0,45.0,4.0,4.0,13.0,4.0,4.0,0.0,39.0,0.0,12.0,7
40.0,169262.0,3411.0,0.0,50.0,4.0,2.0,4.0,0.0,4.0,1.0,39.0,1.0,10.0,15
25.0,629900.0,0.0,0.0,40.0,4.0,2.0,10.0,5.0,2.0,0.0,39.0,3.0,13.0,9
38.0,37778.0,0.0,0.0,60.0,6.0,4.0,5.0,1.0,4.0,1.0,39.0,0.0,9.0,11
21.0,212213.0,0.0,0.0,40.0,4.0,4.0,1.0,1.0,2.0,0.0,39.0,1.0,12.0,7
39.0,32587.0,0.0,1485.0,40.0,2.0,2.0,4.0,0.0,0.0,1.0,39.0,3.0,10.0,15
35.0,186488.0,0.0,0.0,50.0,5.0,2.0,7.0,0.0,4.0,1.0,33.0,1.0,9.0,11
55.0,113398.0,0.0,0.0,40.0,1.0,4.0,1.0,4.0,4.0,1.0,39.0,0.0,10.0,15
44.0,255543.0,0.0,0.0,84.0,6.0,2.0,5.0,0.0,4.0,1.0,39.0,3.0,3.0,4
29.0,179008.0,0.0,0.0,50.0,6.0,2.0,12.0,0.0,4.0,1.0,39.0,0.0,12.0,7
35.0,95639.0,0.0,0.0,4.0,6.0,2.0,10.0,0.0,0.0,1.0,39.0,1.0,7.0,1
28.0,304960.0,0.0,1980.0,40.0,2.0,4.0,0.0,1.0,4.0,0.0,39.0,0.0,12.0,7
31.0,403468.0,0.0,0.0,50.0,4.0,5.0,8.0,4.0,4.0,0.0,26.0,0.0,10.0,15
36.0,212465.0,0.0,0.0,40.0,1.0,2.0,1.0,0.0,4.0,1.0,39.0,1.0,13.0,9
49.0,132476.0,7430.0,0.0,40.0,4.0,0.0,13.0,4.0,4.0,1.0,39.0,3.0,16.0,10
60.0,250552.0,0.0,0.0,40.0,4.0,2.0,8.0,0.0,4.0,1.0,39.0,2.0,9.0,11
40.0,15528.0,0.0,0.0,40.0,6.0,2.0,3.0,0.0,4.0,1.0,39.0,2.0,5.0,6
33.0,101867.0,0.0,0.0,40.0,4.0,4.0,7.0,4.0,1.0,1.0,30.0,1.0,9.0,11
27.0,191822.0,0.0,0.0,50.0,4.0,2.0,12.0,5.0,4.0,0.0,39.0,0.0,9.0,11
34.0,182714.0,0.0,0.0,55.0,6.0,4.0,10.0,1.0,4.0,0.0,39.0,2.0,13.0,9
47.0,160647.0,0.0,0.0,46.0,4.0,4.0,5.0,4.0,4.0,0.0,39.0,0.0,9.0,11
71.0,36539.0,0.0,0.0,40.0,4.0,2.0,10.0,5.0,4.0,0.0,39.0,2.0,13.0,9
24.0,206671.0,0.0,0.0,40.0,4.0,2.0,3.0,0.0,4.0,1.0,39.0,0.0,11.0,8
70.0,54849.0,0.0,0.0,20.0,0.0,2.0,0.0,0.0,4.0,1.0,39.0,2.0,16.0,10
48.0,101299.0,0.0,0.0,45.0,4.0,2.0,10.0,0.0,4.0,1.0,39.0,0.0,12.0,7
19.0,204868.0,0.0,0.0,36.0,0.0,2.0,0.0,3.0,4.0,1.0,39.0,0.0,9.0,11
40.0,34540.0,0.0,0.0,44.0,2.0,0.0,10.0,4.0,4.0,0.0,39.0,0.0,14.0,12
58.0,301568.0,0.0,0.0,40.0,6.0,6.0,8.0,1.0,4.0,0.0,39.0,1.0,5.0,6
32.0,169152.0,10520.0,0.0,80.0,5.0,0.0,4.0,1.0,4.0,0.0,12.0,3.0,11.0,8
35.0,203482.0,0.0,0.0,40.0,4.0,2.0,3.0,0.0,4.0,1.0,39.0,1.0,5.0,6
27.0,420351.0,0.0,0.0,45.0,4.0,4.0,1.0,1.0,4.0,1.0,39.0,1.0,9.0,11
25.0,321205.0,4101.0,0.0,35.0,4.0,4.0,4.0,1.0,4.0,1.0,39.0,0.0,13.0,9
41.0,121718.0,0.0,1848.0,48.0,4.0,2.0,13.0,0.0,4.0,1.0,39.0,2.0,11.0,8
27.0,153546.0,0.0,0.0,40.0,6.0,4.0,10.0,3.0,4.0,0.0,39.0,0.0,13.0,9
30.0,112139.0,0.0,0.0,40.0,7.0,2.0,11.0,0.0,4.0,1.0,39.0,0.0,9.0,11
27.0,175034.0,0.0,0.0,40.0,4.0,4.0,1.0,1.0,4.0,0.0,39.0,0.0,13.0,9
20.0,348148.0,0.0,0.0,40.0,0.0,4.0,0.0,3.0,2.0,1.0,39.0,0.0,7.0,1
22.0,209131.0,0.0,0.0,20.0,1.0,4.0,8.0,3.0,4.0,1.0,39.0,0.0,12.0,7
52.0,311259.0,0.0,0.0,40.0,5.0,2.0,12.0,0.0,4.0,1.0,39.0,3.0,9.0,11
52.0,203635.0,0.0,0.0,40.0,4.0,2.0,6.0,0.0,4.0,1.0,39.0,3.0,9.0,11
33.0,192002.0,7298.0,0.0,60.0,4.0,2.0,4.0,0.0,4.0,1.0,2.0,2.0,14.0,12
44.0,106900.0,0.0,0.0,60.0,4.0,2.0,10.0,0.0,4.0,1.0,39.0,0.0,13.0,9
57.0,47415.0,0.0,1628.0,30.0,2.0,2.0,1.0,5.0,4.0,0.0,39.0,0.0,12.0,7
45.0,101656.0,0.0,0.0,40.0,4.0,4.0,7.0,1.0,1.0,1.0,40.0,0.0,6.0,0
61.0,106330.0,0.0,0.0,40.0,4.0,2.0,3.0,0.0,4.0,1.0,39.0,0.0,9.0,11
46.0,102628.0,0.0,0.0,40.0,7.0,6.0,11.0,4.0,4.0,1.0,39.0,0.0,14.0,12
37.0,468713.0,0.0,0.0,40.0,4.0,2.0,1.0,0.0,4.0,1.0,39.0,0.0,10.0,15
39.0,33487.0,0.0,0.0,40.0,4.0,2.0,7.0,0.0,4.0,1.0,39.0,0.0,7.0,1
55.0,323639.0,0.0,0.0,74.0,4.0,2.0,14.0,0.0,4.0,1.0,39.0,3.0,10.0,15
70.0,113401.0,0.0,0.0,40.0,4.0,6.0,12.0,1.0,4.0,0.0,39.0,1.0,6.0,0
43.0,677398.0,0.0,0.0,45.0,5.0,2.0,12.0,0.0,4.0,1.0,39.0,3.0,13.0,9
32.0,396745.0,0.0,2415.0,48.0,4.0,2.0,10.0,0.0,4.0,1.0,39.0,2.0,13.0,9
24.0,196943.0,0.0,0.0,40.0,4.0,2.0,10.0,0.0,4.0,1.0,39.0,3.0,11.0,8
23.0,39182.0,0.0,0.0,40.0,4.0,2.0,12.0,0.0,4.0,1.0,39.0,0.0,9.0,11
49.0,157569.0,0.0,0.0,40.0,4.0,2.0,3.0,0.0,4.0,1.0,39.0,0.0,9.0,11
37.0,126954.0,0.0,0.0,40.0,4.0,2.0,12.0,0.0,4.0,1.0,39.0,3.0,9.0,11
17.0,193748.0,0.0,0.0,15.0,4.0,4.0,12.0,3.0,4.0,1.0,39.0,0.0,7.0,1
34.0,190151.0,0.0,0.0,42.0,4.0,4.0,1.0,1.0,4.0,0.0,39.0,1.0,10.0,15
26.0,77698.0,0.0,0.0,40.0,4.0,2.0,10.0,5.0,1.0,0.0,39.0,0.0,10.0,15
48.0,162187.0,0.0,0.0,48.0,4.0,2.0,4.0,0.0,4.0,1.0,39.0,3.0,13.0,9
37.0,126708.0,0.0,0.0,60.0,4.0,2.0,1.0,5.0,4.0,0.0,39.0,0.0,9.0,11
46.0,174224.0,0.0,0.0,40.0,4.0,0.0,11.0,1.0,2.0,1.0,39.0,0.0,11.0,8
32.0,27207.0,0.0,0.0,50.0,4.0,4.0,3.0,1.0,4.0,1.0,39.0,0.0,6.0,0
25.0,75759.0,3325.0,0.0,40.0,4.0,4.0,1.0,1.0,4.0,1.0,39.0,1.0,10.0,15
26.0,279833.0,0.0,2258.0,45.0,4.0,4.0,4.0,1.0,4.0,1.0,39.0,2.0,13.0,9
34.0,206609.0,0.0,0.0,35.0,4.0,4.0,12.0,4.0,4.0,1.0,39.0,0.0,10.0,15
33.0,258498.0,0.0,0.0,60.0,4.0,2.0,3.0,5.0,4.0,0.0,39.0,0.0,10.0,15
46.0,180532.0,0.0,0.0,50.0,4.0,2.0,12.0,0.0,4.0,1.0,39.0,3.0,13.0,9
23.0,325921.0,0.0,0.0,36.0,4.0,4.0,10.0,1.0,4.0,0.0,39.0,0.0,11.0,8
20.0,334113.0,0.0,0.0,40.0,7.0,2.0,8.0,0.0,4.0,1.0,39.0,0.0,10.0,15
46.0,174224.0,0.0,0.0,40.0,4.0,0.0,14.0,1.0,2.0,1.0,39.0,0.0,11.0,8
58.0,248739.0,0.0,0.0,40.0,2.0,4.0,8.0,1.0,4.0,1.0,39.0,1.0,9.0,11
27.0,126060.0,0.0,0.0,40.0,4.0,4.0,10.0,2.0,4.0,0.0,39.0,1.0,15.0,14
37.0,129573.0,0.0,0.0,72.0,1.0,2.0,10.0,0.0,4.0,1.0,0.0,2.0,16.0,10
41.0,113555.0,7298.0,0.0,50.0,4.0,2.0,3.0,0.0,0.0,1.0,39.0,2.0,10.0,15
38.0,91039.0,0.0,0.0,65.0,4.0,2.0,4.0,0.0,4.0,1.0,39.0,2.0,14.0,12
31.0,193132.0,0.0,0.0,42.0,4.0,4.0,13.0,1.0,4.0,0.0,39.0,0.0,13.0,9
18.0,109928.0,0.0,0.0,40.0,4.0,4.0,1.0,3.0,2.0,0.0,39.0,1.0,9.0,11
23.0,189203.0,0.0,0.0,40.0,4.0,4.0,12.0,1.0,4.0,1.0,39.0,0.0,9.0,11
17.0,272372.0,0.0,0.0,7.0,4.0,4.0,1.0,3.0,4.0,0.0,39.0,1.0,7.0,1
23.0,95989.0,0.0,0.0,30.0,4.0,4.0,8.0,3.0,4.0,0.0,39.0,0.0,10.0,15
52.0,140985.0,99999.0,0.0,30.0,6.0,2.0,1.0,5.0,4.0,0.0,39.0,2.0,13.0,9
29.0,191722.0,7688.0,0.0,54.0,4.0,2.0,11.0,0.0,4.0,1.0,39.0,2.0,10.0,15
24.0,278130.0,0.0,0.0,40.0,4.0,4.0,7.0,1.0,4.0,1.0,39.0,0.0,11.0,8
26.0,104045.0,0.0,0.0,30.0,4.0,4.0,8.0,3.0,4.0,0.0,39.0,0.0,9.0,11
63.0,222289.0,0.0,0.0,40.0,5.0,2.0,4.0,0.0,4.0,1.0,39.0,2.0,9.0,11
26.0,142152.0,0.0,0.0,35.0,4.0,4.0,14.0,1.0,4.0,0.0,39.0,1.0,7.0,1
17.0,52486.0,0.0,0.0,12.0,4.0,4.0,8.0,3.0,4.0,0.0,39.0,0.0,7.0,1
60.0,198727.0,0.0,0.0,30.0,4.0,2.0,10.0,0.0,4.0,1.0,39.0,0.0,9.0,11
46.0,200569.0,0.0,0.0,40.0,4.0,2.0,12.0,5.0,4.0,0.0,39.0,1.0,9.0,11
19.0,48393.0,0.0,0.0,84.0,0.0,4.0,0.0,3.0,4.0,1.0,39.0,0.0,10.0,15
36.0,193815.0,0.0,0.0,50.0,4.0,2.0,3.0,0.0,4.0,1.0,39.0,3.0,10.0,15
64.0,21174.0,0.0,0.0,20.0,6.0,2.0,3.0,0.0,4.0,1.0,39.0,1.0,9.0,11
18.0,338717.0,0.0,0.0,25.0,4.0,4.0,6.0,1.0,3.0,1.0,39.0,1.0,7.0,1
38.0,181705.0,0.0,0.0,24.0,0.0,2.0,0.0,0.0,4.0,1.0,39.0,0.0,9.0,11
49.0,36601.0,0.0,0.0,40.0,6.0,2.0,3.0,0.0,4.0,1.0,2.0,3.0,9.0,11
42.0,184105.0,0.0,0.0,45.0,7.0,2.0,8.0,0.0,4.0,1.0,39.0,3.0,11.0,8
40.0,188436.0,0.0,0.0,40.0,6.0,5.0,4.0,2.0,4.0,1.0,39.0,0.0,9.0,11
38.0,204527.0,0.0,0.0,50.0,4.0,2.0,3.0,0.0,4.0,1.0,39.0,0.0,9.0,11
55.0,210318.0,0.0,0.0,40.0,4.0,2.0,5.0,0.0,4.0,1.0,39.0,1.0,9.0,11
21.0,209483.0,0.0,0.0,47.0,4.0,4.0,12.0,3.0,4.0,1.0,39.0,0.0,10.0,15
60.0,52900.0,0.0,0.0,42.0,6.0,2.0,3.0,0.0,4.0,1.0,39.0,2.0,9.0,11
25.0,263300.0,0.0,0.0,50.0,6.0,4.0,5.0,1.0,4.0,1.0,39.0,0.0,9.0,11
21.0,166851.0,0.0,0.0,40.0,4.0,4.0,7.0,2.0,4.0,1.0,39.0,0.0,9.0,11
52.0,132178.0,0.0,0.0,20.0,5.0,2.0,4.0,0.0,4.0,1.0,39.0,2.0,13.0,9
63.0,379940.0,0.0,0.0,40.0,2.0,2.0,10.0,0.0,4.0,1.0,39.0,2.0,13.0,9
27.0,187327.0,0.0,0.0,45.0,7.0,5.0,11.0,1.0,4.0,1.0,39.0,1.0,9.0,11
47.0,39518.0,0.0,0.0,60.0,6.0,2.0,12.0,0.0,4.0,1.0,39.0,1.0,13.0,9
35.0,153976.0,0.0,0.0,60.0,5.0,2.0,4.0,0.0,4.0,1.0,39.0,0.0,9.0,11
55.0,169611.0,0.0,0.0,40.0,4.0,6.0,1.0,4.0,4.0,0.0,39.0,0.0,7.0,1
36.0,357720.0,0.0,0.0,40.0,2.0,4.0,10.0,1.0,4.0,0.0,39.0,0.0,11.0,8
51.0,175070.0,5178.0,0.0,45.0,4.0,2.0,12.0,0.0,4.0,1.0,39.0,2.0,12.0,7
28.0,265628.0,0.0,0.0,40.0,4.0,4.0,6.0,3.0,4.0,0.0,39.0,0.0,11.0,8
34.0,123429.0,0.0,0.0,60.0,6.0,2.0,12.0,0.0,4.0,1.0,39.0,0.0,9.0,11
48.0,224752.0,0.0,0.0,40.0,7.0,2.0,1.0,5.0,4.0,0.0,39.0,3.0,9.0,11
29.0,227890.0,0.0,0.0,40.0,4.0,4.0,11.0,2.0,2.0,1.0,39.0,0.0,9.0,11
50.0,105010.0,0.0,0.0,45.0,4.0,2.0,5.0,0.0,4.0,1.0,39.0,2.0,13.0,9
51.0,47415.0,0.0,1628.0,30.0,2.0,2.0,1.0,5.0,4.0,0.0,39.0,0.0,12.0,7
37.0,170861.0,0.0,0.0,45.0,2.0,4.0,10.0,1.0,4.0,0.0,39.0,1.0,13.0,9
70.0,105376.0,0.0,0.0,40.0,4.0,4.0,13.0,2.0,4.0,1.0,39.0,0.0,10.0,15
35.0,115215.0,0.0,0.0,45.0,4.0,4.0,14.0,3.0,4.0,1.0,39.0,0.0,10.0,15
39.0,33001.0,0.0,0.0,40.0,6.0,2.0,3.0,0.0,4.0,1.0,39.0,1.0,9.0,11
52.0,334273.0,99999.0,0.0,65.0,5.0,2.0,10.0,0.0,4.0,1.0,39.0,2.0,16.0,10
25.0,192449.0,0.0,0.0,40.0,4.0,2.0,7.0,0.0,4.0,1.0,39.0,1.0,9.0,11
35.0,110188.0,0.0,0.0,40.0,1.0,2.0,10.0,0.0,1.0,1.0,40.0,0.0,13.0,9
50.0,143804.0,0.0,0.0,55.0,4.0,4.0,3.0,3.0,4.0,1.0,39.0,1.0,9.0,11
36.0,105138.0,0.0,0.0,50.0,4.0,0.0,14.0,1.0,4.0,1.0,39.0,0.0,9.0,11
23.0,145964.0,0.0,0.0,40.0,0.0,4.0,0.0,1.0,4.0,1.0,39.0,0.0,10.0,15
52.0,158993.0,0.0,0.0,38.0,4.0,0.0,8.0,2.0,2.0,0.0,39.0,0.0,9.0,11
20.0,224424.0,0.0,0.0,40.0,4.0,4.0,7.0,3.0,4.0,1.0,39.0,0.0,8.0,2
41.0,125461.0,0.0,0.0,40.0,4.0,0.0,3.0,4.0,0.0,1.0,39.0,2.0,10.0,15
43.0,216697.0,0.0,0.0,32.0,4.0,2.0,11.0,0.0,3.0,1.0,39.0,0.0,10.0,15
27.0,192257.0,2174.0,0.0,40.0,7.0,4.0,11.0,3.0,4.0,1.0,39.0,0.0,9.0,11
26.0,121040.0,0.0,0.0,40.0,4.0,4.0,4.0,3.0,2.0,0.0,39.0,0.0,12.0,7
39.0,370032.0,0.0,0.0,45.0,4.0,2.0,10.0,0.0,4.0,1.0,39.0,1.0,14.0,12
29.0,24562.0,0.0,0.0,40.0,4.0,0.0,8.0,4.0,3.0,0.0,39.0,0.0,13.0,9
19.0,162954.0,0.0,0.0,20.0,4.0,4.0,8.0,3.0,4.0,0.0,39.0,0.0,8.0,2
76.0,130585.0,0.0,0.0,12.0,6.0,2.0,8.0,5.0,4.0,0.0,39.0,1.0,10.0,15
41.0,203761.0,0.0,0.0,40.0,4.0,2.0,10.0,0.0,4.0,1.0,39.0,2.0,13.0,9
30.0,30101.0,0.0,0.0,40.0,4.0,2.0,3.0,0.0,4.0,1.0,39.0,3.0,10.0,15
29.0,89487.0,0.0,0.0,40.0,7.0,2.0,3.0,0.0,4.0,1.0,39.0,1.0,9.0,11
37.0,126708.0,0.0,0.0,60.0,4.0,2.0,1.0,0.0,4.0,1.0,39.0,0.0,9.0,11
41.0,138975.0,7688.0,0.0,45.0,4.0,2.0,4.0,0.0,4.0,1.0,39.0,2.0,13.0,9
35.0,195253.0,0.0,0.0,60.0,4.0,2.0,4.0,0.0,4.0,1.0,39.0,1.0,10.0,15
45.0,220978.0,0.0,0.0,50.0,6.0,2.0,4.0,0.0,4.0,1.0,39.0,0.0,9.0,11
34.0,199539.0,0.0,0.0,48.0,4.0,2.0,3.0,0.0,4.0,1.0,39.0,2.0,9.0,11
33.0,180656.0,0.0,0.0,40.0,4.0,4.0,7.0,2.0,4.0,1.0,13.0,1.0,3.0,4
21.0,209483.0,0.0,0.0,47.0,4.0,4.0,12.0,3.0,4.0,0.0,39.0,0.0,10.0,15
46.0,106255.0,0.0,0.0,40.0,4.0,2.0,3.0,0.0,4.0,1.0,39.0,0.0,10.0,15
25.0,242464.0,0.0,0.0,40.0,4.0,4.0,1.0,1.0,4.0,1.0,39.0,0.0,13.0,9
22.0,496025.0,0.0,0.0,40.0,4.0,2.0,7.0,0.0,4.0,1.0,26.0,0.0,10.0,15
20.0,379525.0,0.0,0.0,10.0,4.0,4.0,8.0,3.0,4.0,0.0,39.0,0.0,10.0,15
73.0,123160.0,0.0,0.0,10.0,4.0,6.0,8.0,1.0,4.0,0.0,39.0,0.0,6.0,0
26.0,199143.0,0.0,0.0,50.0,4.0,2.0,6.0,0.0,4.0,1.0,39.0,0.0,9.0,11
39.0,315640.0,0.0,0.0,60.0,6.0,4.0,12.0,3.0,1.0,1.0,20.0,0.0,13.0,9
28.0,31717.0,0.0,0.0,45.0,5.0,2.0,4.0,0.0,4.0,1.0,39.0,2.0,9.0,11
34.0,52537.0,0.0,0.0,30.0,4.0,4.0,14.0,4.0,2.0,1.0,39.0,0.0,9.0,11
49.0,168211.0,0.0,0.0,40.0,4.0,2.0,11.0,0.0,4.0,1.0,39.0,2.0,9.0,11
74.0,161387.0,0.0,0.0,16.0,4.0,0.0,6.0,1.0,4.0,0.0,39.0,0.0,9.0,11
20.0,107658.0,0.0,0.0,10.0,4.0,4.0,13.0,1.0,4.0,0.0,39.0,0.0,10.0,15
48.0,205664.0,7688.0,0.0,40.0,4.0,2.0,3.0,0.0,4.0,1.0,39.0,2.0,9.0,11
43.0,119721.0,0.0,0.0,40.0,4.0,2.0,4.0,0.0,4.0,1.0,39.0,0.0,13.0,9
22.0,203076.0,0.0,0.0,40.0,4.0,2.0,6.0,0.0,4.0,1.0,39.0,1.0,6.0,0
36.0,181705.0,0.0,0.0,40.0,4.0,2.0,14.0,0.0,4.0,1.0,39.0,0.0,7.0,1
37.0,182675.0,0.0,0.0,45.0,4.0,2.0,4.0,5.0,4.0,0.0,39.0,2.0,10.0,15
28.0,154236.0,2597.0,0.0,40.0,4.0,4.0,14.0,3.0,4.0,1.0,39.0,1.0,9.0,11
52.0,278522.0,0.0,0.0,40.0,2.0,2.0,14.0,0.0,2.0,1.0,39.0,0.0,10.0,15
17.0,126832.0,0.0,0.0,30.0,4.0,4.0,8.0,3.0,4.0,1.0,39.0,0.0,6.0,0
48.0,185039.0,0.0,0.0,40.0,4.0,0.0,4.0,1.0,4.0,0.0,39.0,1.0,10.0,15
31.0,259931.0,0.0,0.0,40.0,4.0,2.0,7.0,0.0,4.0,1.0,39.0,0.0,4.0,5
49.0,38819.0,0.0,0.0,60.0,4.0,2.0,4.0,0.0,4.0,1.0,39.0,3.0,9.0,11
32.0,353994.0,0.0,0.0,40.0,4.0,2.0,4.0,2.0,1.0,0.0,3.0,2.0,13.0,9
57.0,257200.0,0.0,0.0,40.0,5.0,2.0,4.0,0.0,4.0,1.0,39.0,2.0,10.0,15
33.0,205469.0,0.0,0.0,40.0,4.0,2.0,4.0,0.0,4.0,1.0,39.0,2.0,10.0,15
20.0,178517.0,0.0,0.0,40.0,7.0,4.0,5.0,1.0,4.0,1.0,39.0,0.0,10.0,15
39.0,129597.0,3464.0,0.0,40.0,4.0,2.0,12.0,0.0,4.0,1.0,39.0,0.0,13.0,9
45.0,277434.0,0.0,0.0,50.0,4.0,0.0,1.0,1.0,4.0,1.0,39.0,1.0,10.0,15
30.0,84119.0,0.0,0.0,43.0,5.0,4.0,4.0,3.0,4.0,1.0,39.0,0.0,13.0,9
40.0,153031.0,7298.0,0.0,35.0,2.0,2.0,10.0,0.0,4.0,1.0,39.0,2.0,14.0,12
35.0,190023.0,0.0,0.0,40.0,4.0,4.0,7.0,1.0,4.0,1.0,39.0,1.0,7.0,1
36.0,197274.0,0.0,0.0,40.0,4.0,4.0,6.0,1.0,2.0,1.0,39.0,1.0,9.0,11
33.0,256062.0,0.0,0.0,35.0,4.0,4.0,1.0,4.0,4.0,0.0,33.0,0.0,10.0,15
49.0,309033.0,15024.0,0.0,60.0,4.0,2.0,10.0,5.0,4.0,0.0,39.0,2.0,11.0,8
58.0,32954.0,0.0,0.0,40.0,4.0,0.0,1.0,1.0,4.0,0.0,39.0,1.0,10.0,15
45.0,334039.0,0.0,0.0,40.0,2.0,2.0,4.0,0.0,4.0,1.0,39.0,2.0,10.0,15
27.0,167501.0,0.0,0.0,40.0,4.0,4.0,4.0,3.0,4.0,0.0,39.0,0.0,13.0,9
33.0,231826.0,0.0,0.0,40.0,4.0,2.0,6.0,0.0,4.0,1.0,26.0,0.0,2.0,3
34.0,34848.0,4064.0,0.0,40.0,4.0,2.0,14.0,0.0,4.0,1.0,39.0,0.0,10.0,15
31.0,120461.0,0.0,0.0,50.0,4.0,4.0,4.0,1.0,4.0,0.0,39.0,1.0,10.0,15
54.0,283281.0,0.0,0.0,50.0,4.0,4.0,3.0,1.0,2.0,1.0,39.0,1.0,4.0,5
29.0,133136.0,0.0,0.0,40.0,4.0,2.0,14.0,0.0,4.0,1.0,39.0,2.0,8.0,2
45.0,204057.0,0.0,0.0,40.0,4.0,0.0,1.0,4.0,4.0,0.0,11.0,0.0,13.0,9
36.0,119957.0,0.0,0.0,35.0,4.0,5.0,8.0,4.0,2.0,0.0,39.0,0.0,13.0,9
38.0,277022.0,0.0,0.0,40.0,4.0,0.0,1.0,4.0,4.0,0.0,4.0,0.0,10.0,15
38.0,203761.0,2354.0,0.0,40.0,4.0,4.0,13.0,1.0,4.0,0.0,39.0,0.0,11.0,8
17.0,133449.0,0.0,0.0,26.0,4.0,4.0,8.0,3.0,2.0,1.0,39.0,0.0,5.0,6
38.0,200818.0,0.0,0.0,40.0,4.0,2.0,10.0,0.0,4.0,1.0,39.0,2.0,15.0,14
65.0,27012.0,0.0,0.0,50.0,8.0,6.0,5.0,4.0,4.0,0.0,39.0,0.0,4.0,5
47.0,265097.0,4386.0,0.0,40.0,2.0,2.0,8.0,0.0,4.0,1.0,39.0,2.0,9.0,11
20.0,174461.0,0.0,0.0,5.0,0.0,4.0,0.0,3.0,4.0,0.0,39.0,0.0,9.0,11
20.0,419984.0,0.0,0.0,25.0,4.0,0.0,8.0,4.0,4.0,0.0,39.0,1.0,9.0,11
69.0,172354.0,1848.0,0.0,50.0,4.0,6.0,1.0,1.0,4.0,0.0,39.0,1.0,11.0,8
71.0,365996.0,0.0,0.0,6.0,2.0,6.0,10.0,4.0,4.0,0.0,39.0,0.0,13.0,9
44.0,96249.0,0.0,0.0,60.0,4.0,2.0,12.0,0.0,4.0,1.0,39.0,2.0,10.0,15
29.0,41013.0,0.0,0.0,55.0,1.0,4.0,10.0,1.0,4.0,0.0,39.0,0.0,15.0,14
23.0,162282.0,0.0,0.0,40.0,4.0,4.0,7.0,3.0,4.0,1.0,39.0,0.0,9.0,11
53.0,47396.0,0.0,0.0,40.0,4.0,2.0,3.0,0.0,4.0,1.0,39.0,0.0,9.0,11
48.0,198000.0,0.0,0.0,38.0,4.0,4.0,12.0,2.0,4.0,0.0,39.0,3.0,13.0,9
36.0,173804.0,0.0,0.0,40.0,4.0,0.0,8.0,1.0,4.0,0.0,39.0,0.0,7.0,1
90.0,149069.0,0.0,1825.0,50.0,4.0,2.0,12.0,0.0,4.0,1.0,39.0,3.0,12.0,7
54.0,82566.0,0.0,0.0,45.0,4.0,2.0,12.0,0.0,4.0,1.0,39.0,0.0,12.0,7
34.0,97723.0,0.0,0.0,40.0,4.0,2.0,10.0,0.0,4.0,1.0,39.0,2.0,13.0,9
27.0,275110.0,0.0,0.0,80.0,4.0,2.0,6.0,0.0,2.0,1.0,39.0,2.0,9.0,11
67.0,102693.0,1086.0,0.0,35.0,0.0,6.0,0.0,1.0,4.0,1.0,39.0,0.0,9.0,11
28.0,236834.0,0.0,0.0,35.0,4.0,4.0,9.0,1.0,4.0,0.0,26.0,1.0,5.0,6
46.0,104908.0,0.0,0.0,40.0,7.0,4.0,8.0,4.0,2.0,0.0,39.0,1.0,9.0,11
53.0,324568.0,0.0,0.0,45.0,4.0,2.0,3.0,0.0,4.0,1.0,39.0,0.0,7.0,1
40.0,210013.0,0.0,0.0,50.0,4.0,2.0,14.0,0.0,4.0,1.0,39.0,0.0,9.0,11
21.0,306967.0,0.0,0.0,40.0,4.0,4.0,1.0,1.0,4.0,0.0,39.0,0.0,11.0,8
30.0,166671.0,0.0,0.0,40.0,4.0,2.0,8.0,2.0,4.0,0.0,39.0,1.0,9.0,11
30.0,30226.0,0.0,0.0,40.0,4.0,0.0,12.0,3.0,4.0,1.0,39.0,0.0,7.0,1
35.0,287031.0,8614.0,0.0,40.0,1.0,4.0,4.0,1.0,4.0,1.0,39.0,2.0,14.0,12
41.0,125461.0,0.0,0.0,40.0,4.0,0.0,3.0,1.0,4.0,1.0,39.0,2.0,10.0,15
32.0,410615.0,0.0,1887.0,60.0,6.0,2.0,14.0,0.0,4.0,1.0,39.0,2.0,9.0,11
32.0,99309.0,0.0,0.0,40.0,5.0,2.0,4.0,0.0,4.0,1.0,39.0,2.0,9.0,11
20.0,217467.0,0.0,0.0,40.0,4.0,4.0,3.0,3.0,4.0,1.0,39.0,0.0,10.0,15
52.0,186272.0,0.0,0.0,40.0,4.0,0.0,12.0,1.0,4.0,1.0,39.0,0.0,9.0,11
45.0,160724.0,0.0,0.0,40.0,4.0,2.0,3.0,0.0,1.0,1.0,40.0,0.0,9.0,11
28.0,31801.0,0.0,1887.0,50.0,4.0,2.0,3.0,0.0,4.0,1.0,39.0,3.0,13.0,9
33.0,157747.0,0.0,0.0,40.0,4.0,2.0,6.0,0.0,4.0,1.0,39.0,0.0,12.0,7
31.0,251659.0,0.0,1485.0,55.0,4.0,2.0,8.0,0.0,1.0,1.0,0.0,2.0,10.0,15
21.0,141453.0,0.0,0.0,40.0,4.0,4.0,8.0,3.0,4.0,0.0,39.0,0.0,9.0,11
35.0,193094.0,0.0,0.0,35.0,4.0,4.0,10.0,4.0,4.0,1.0,39.0,1.0,9.0,11
24.0,190997.0,0.0,0.0,40.0,4.0,4.0,4.0,3.0,4.0,1.0,39.0,1.0,6.0,0
56.0,205759.0,0.0,0.0,40.0,2.0,2.0,3.0,0.0,4.0,1.0,39.0,1.0,9.0,11
56.0,104447.0,0.0,2339.0,40.0,7.0,0.0,1.0,1.0,4.0,0.0,39.0,1.0,10.0,15
49.0,586657.0,7298.0,0.0,40.0,1.0,2.0,4.0,0.0,4.0,1.0,39.0,2.0,13.0,9
41.0,281725.0,0.0,0.0,40.0,4.0,0.0,7.0,1.0,4.0,0.0,26.0,1.0,3.0,4
34.0,186346.0,0.0,0.0,40.0,4.0,5.0,8.0,1.0,4.0,0.0,39.0,0.0,9.0,11
31.0,80058.0,0.0,0.0,64.0,2.0,4.0,7.0,3.0,4.0,1.0,39.0,0.0,9.0,11
22.0,29810.0,0.0,0.0,30.0,4.0,4.0,14.0,3.0,4.0,0.0,39.0,0.0,10.0,15
34.0,158294.0,99999.0,0.0,80.0,5.0,2.0,10.0,0.0,4.0,1.0,39.0,2.0,15.0,14
69.0,192660.0,0.0,0.0,20.0,4.0,6.0,1.0,4.0,4.0,0.0,39.0,1.0,9.0,11
52.0,196975.0,0.0,0.0,40.0,4.0,2.0,2.0,0.0,4.0,1.0,39.0,2.0,15.0,14
61.0,151369.0,0.0,0.0,50.0,1.0,2.0,10.0,0.0,4.0,1.0,39.0,2.0,15.0,14
46.0,72896.0,0.0,0.0,50.0,4.0,2.0,4.0,0.0,4.0,1.0,39.0,0.0,10.0,15
19.0,32477.0,0.0,0.0,25.0,0.0,4.0,0.0,3.0,4.0,1.0,39.0,0.0,10.0,15
39.0,203482.0,7298.0,0.0,40.0,2.0,2.0,10.0,0.0,4.0,1.0,39.0,2.0,14.0,12
25.0,113436.0,0.0,0.0,35.0,6.0,4.0,3.0,4.0,4.0,1.0,39.0,0.0,10.0,15
53.0,235567.0,0.0,0.0,40.0,2.0,0.0,1.0,1.0,4.0,0.0,39.0,1.0,9.0,11
43.0,177905.0,0.0,0.0,40.0,4.0,2.0,10.0,0.0,4.0,1.0,39.0,3.0,10.0,15
36.0,415578.0,0.0,0.0,40.0,4.0,2.0,3.0,0.0,4.0,1.0,39.0,2.0,10.0,15
49.0,219611.0,0.0,0.0,75.0,4.0,2.0,4.0,0.0,4.0,1.0,39.0,3.0,13.0,9
52.0,186117.0,0.0,0.0,56.0,2.0,2.0,11.0,0.0,4.0,1.0,39.0,2.0,9.0,11
57.0,43290.0,0.0,0.0,20.0,4.0,0.0,8.0,1.0,0.0,0.0,39.0,1.0,6.0,0
30.0,176123.0,0.0,0.0,40.0,4.0,4.0,7.0,2.0,1.0,1.0,40.0,0.0,6.0,0
42.0,248356.0,0.0,0.0,40.0,4.0,4.0,12.0,4.0,4.0,0.0,39.0,0.0,9.0,11
22.0,202416.0,0.0,0.0,40.0,4.0,4.0,1.0,3.0,4.0,0.0,39.0,0.0,13.0,9
45.0,199832.0,0.0,0.0,15.0,4.0,2.0,1.0,0.0,4.0,1.0,39.0,0.0,13.0,9
29.0,157308.0,2829.0,0.0,14.0,4.0,2.0,6.0,5.0,1.0,0.0,30.0,0.0,7.0,1
36.0,380614.0,0.0,0.0,35.0,2.0,2.0,1.0,5.0,4.0,0.0,11.0,2.0,13.0,9
48.0,148576.0,0.0,0.0,40.0,4.0,2.0,7.0,0.0,4.0,1.0,39.0,3.0,9.0,11
28.0,154863.0,0.0,0.0,40.0,2.0,2.0,3.0,0.0,2.0,1.0,38.0,2.0,5.0,6
54.0,201127.0,0.0,0.0,42.0,1.0,0.0,4.0,1.0,4.0,1.0,39.0,3.0,14.0,12
27.0,183511.0,0.0,0.0,40.0,4.0,2.0,6.0,0.0,4.0,1.0,39.0,0.0,9.0,11
37.0,181705.0,0.0,0.0,40.0,4.0,2.0,14.0,0.0,4.0,1.0,39.0,3.0,7.0,1
47.0,70943.0,5178.0,0.0,40.0,4.0,2.0,7.0,0.0,4.0,1.0,39.0,2.0,9.0,11
22.0,77873.0,0.0,0.0,30.0,0.0,4.0,0.0,1.0,4.0,1.0,39.0,0.0,5.0,6
24.0,177526.0,0.0,0.0,40.0,4.0,4.0,3.0,3.0,4.0,1.0,39.0,0.0,11.0,8
25.0,120238.0,2885.0,0.0,43.0,4.0,2.0,12.0,0.0,4.0,1.0,39.0,0.0,10.0,15
27.0,200733.0,0.0,0.0,55.0,4.0,2.0,7.0,0.0,4.0,1.0,39.0,0.0,9.0,11
55.0,109015.0,0.0,0.0,38.0,4.0,0.0,1.0,1.0,4.0,0.0,39.0,0.0,10.0,15
17.0,143868.0,0.0,0.0,40.0,4.0,4.0,8.0,3.0,2.0,1.0,39.0,0.0,5.0,6
43.0,343121.0,0.0,0.0,30.0,4.0,0.0,8.0,1.0,4.0,0.0,39.0,1.0,10.0,15
30.0,99928.0,0.0,0.0,40.0,4.0,4.0,12.0,1.0,4.0,0.0,39.0,1.0,13.0,9
50.0,180607.0,0.0,0.0,40.0,4.0,4.0,1.0,3.0,4.0,0.0,39.0,0.0,9.0,11
24.0,193130.0,0.0,0.0,40.0,4.0,4.0,1.0,3.0,4.0,0.0,39.0,1.0,10.0,15
42.0,110028.0,0.0,0.0,40.0,4.0,2.0,3.0,0.0,4.0,1.0,39.0,0.0,9.0,11
17.0,172145.0,0.0,0.0,40.0,0.0,4.0,0.0,3.0,2.0,0.0,39.0,0.0,6.0,0
19.0,113915.0,0.0,0.0,10.0,0.0,4.0,0.0,3.0,2.0,1.0,39.0,0.0,9.0,11
58.0,146477.0,15024.0,0.0,40.0,4.0,2.0,4.0,0.0,4.0,1.0,12.0,2.0,14.0,12
57.0,167864.0,0.0,0.0,40.0,4.0,6.0,10.0,1.0,4.0,0.0,39.0,0.0,11.0,8
25.0,469572.0,8614.0,0.0,40.0,4.0,4.0,10.0,1.0,4.0,1.0,39.0,2.0,10.0,15
49.0,68493.0,0.0,0.0,40.0,4.0,3.0,3.0,4.0,2.0,1.0,39.0,1.0,9.0,11
43.0,52433.0,0.0,0.0,70.0,4.0,2.0,12.0,0.0,4.0,1.0,39.0,1.0,10.0,15
41.0,66118.0,0.0,0.0,25.0,2.0,2.0,14.0,5.0,4.0,0.0,39.0,0.0,10.0,15
58.0,201011.0,0.0,0.0,24.0,4.0,5.0,8.0,1.0,4.0,0.0,39.0,1.0,4.0,5
21.0,325923.0,0.0,0.0,35.0,4.0,4.0,13.0,3.0,4.0,1.0,39.0,0.0,10.0,15
35.0,186488.0,0.0,0.0,50.0,5.0,2.0,8.0,0.0,4.0,1.0,33.0,1.0,9.0,11
26.0,109609.0,0.0,0.0,30.0,6.0,5.0,3.0,1.0,4.0,1.0,39.0,0.0,10.0,15
63.0,281237.0,0.0,0.0,40.0,4.0,6.0,4.0,1.0,4.0,0.0,39.0,1.0,10.0,15
61.0,208919.0,0.0,0.0,60.0,4.0,2.0,12.0,0.0,4.0,1.0,39.0,2.0,14.0,12
19.0,383745.0,0.0,1887.0,20.0,4.0,4.0,8.0,3.0,4.0,0.0,39.0,0.0,10.0,15
47.0,200734.0,0.0,0.0,50.0,4.0,5.0,9.0,1.0,2.0,0.0,27.0,1.0,9.0,11
50.0,204447.0,0.0,0.0,40.0,5.0,0.0,11.0,1.0,4.0,1.0,39.0,0.0,10.0,15
34.0,290763.0,0.0,0.0,40.0,4.0,0.0,6.0,3.0,4.0,0.0,39.0,0.0,9.0,11
17.0,121287.0,0.0,0.0,40.0,4.0,4.0,3.0,3.0,4.0,1.0,39.0,0.0,5.0,6
65.0,172510.0,1848.0,0.0,20.0,4.0,6.0,10.0,1.0,4.0,0.0,18.0,0.0,10.0,15
26.0,22328.0,0.0,0.0,40.0,4.0,2.0,12.0,0.0,4.0,1.0,39.0,2.0,13.0,9
54.0,96792.0,0.0,0.0,32.0,4.0,6.0,8.0,4.0,4.0,0.0,39.0,0.0,9.0,11
21.0,122048.0,0.0,0.0,40.0,4.0,4.0,1.0,3.0,4.0,0.0,39.0,1.0,10.0,15
44.0,111891.0,0.0,0.0,35.0,4.0,5.0,12.0,2.0,2.0,0.0,39.0,0.0,10.0,15
20.0,163665.0,0.0,0.0,17.0,4.0,4.0,8.0,3.0,4.0,0.0,39.0,0.0,10.0,15
51.0,185070.0,5178.0,0.0,45.0,4.0,2.0,12.0,0.0,4.0,1.0,39.0,2.0,12.0,7
26.0,206721.0,0.0,0.0,40.0,4.0,4.0,6.0,4.0,4.0,1.0,39.0,1.0,9.0,11
44.0,162372.0,0.0,0.0,45.0,4.0,2.0,3.0,0.0,4.0,1.0,33.0,1.0,5.0,6
35.0,475324.0,0.0,0.0,40.0,1.0,2.0,4.0,0.0,4.0,1.0,39.0,2.0,13.0,9
70.0,268832.0,0.0,0.0,24.0,6.0,2.0,5.0,0.0,4.0,1.0,39.0,2.0,11.0,8
49.0,59612.0,0.0,0.0,70.0,6.0,0.0,5.0,4.0,4.0,1.0,39.0,6.0,6.0,0
70.0,405362.0,0.0,0.0,38.0,4.0,6.0,8.0,4.0,2.0,0.0,39.0,0.0,4.0,5
